timestamp,severity,rule,pid,process_name,path,action,message
2025-12-17T14:19:44.356862,WARNING,ML_ANOMALY,11860,M365Copilot.exe,,Score +10 (total 10),ML behavioral anomaly (z=3.72)
2025-12-17T14:19:48.971162,INFO,ML_ANOMALY,21464,SearchProtocolHost.exe,,Whitelisted,ML behavioral anomaly (z=4.00)
2025-12-17T14:19:53.070119,INFO,ML_ANOMALY,21464,SearchProtocolHost.exe,,Whitelisted,ML behavioral anomaly (z=3.73)
2025-12-17T14:19:54.579214,WARNING,ML_ANOMALY,4528,vmnat.exe,,Score +10 (total 10),ML behavioral anomaly (z=3.96)
2025-12-17T14:19:57.356250,WARNING,ML_ANOMALY,4528,vmnat.exe,,Score +10 (total 20),ML behavioral anomaly (z=4.31)
2025-12-17T14:19:59.283826,INFO,ML_ANOMALY,12020,svchost.exe,,Whitelisted,ML behavioral anomaly (z=4.05)
2025-12-17T14:20:02.596842,INFO,ML_ANOMALY,5560,svchost.exe,,Whitelisted,ML behavioral anomaly (z=4.80)
2025-12-17T14:20:02.852929,WARNING,ML_ANOMALY,9324,ctfmon.exe,,Score +10 (total 10),ML behavioral anomaly (z=4.80)
2025-12-17T14:20:10.999545,INFO,ML_ANOMALY,2384,svchost.exe,,Whitelisted,ML behavioral anomaly (z=5.20)
2025-12-17T14:20:14.224311,INFO,ML_ANOMALY,21464,SearchProtocolHost.exe,,Whitelisted,ML behavioral anomaly (z=5.29)
2025-12-17T14:20:17.686220,INFO,ML_ANOMALY,5676,comet.exe,,Whitelisted,ML behavioral anomaly (z=4.48)
2025-12-17T14:20:17.877626,WARNING,ML_ANOMALY,11860,M365Copilot.exe,,Score +10 (total 20),ML behavioral anomaly (z=3.62)
2025-12-17T14:20:17.959911,INFO,ML_ANOMALY,13736,comet.exe,,Whitelisted,ML behavioral anomaly (z=5.38)
2025-12-17T14:20:18.019259,INFO,ML_ANOMALY,15980,comet.exe,,Whitelisted,ML behavioral anomaly (z=3.51)
2025-12-17T14:20:19.803849,INFO,ML_ANOMALY,2744,svchost.exe,,Whitelisted,ML behavioral anomaly (z=5.39)
2025-12-17T14:20:25.382766,INFO,ML_ANOMALY,2384,svchost.exe,,Whitelisted,ML behavioral anomaly (z=4.16)
2025-12-17T14:20:26.673090,INFO,ML_ANOMALY,12744,firefox.exe,,Whitelisted,ML behavioral anomaly (z=4.85)
2025-12-17T14:20:26.737144,INFO,ML_ANOMALY,15920,msedge.exe,,Whitelisted,ML behavioral anomaly (z=3.56)
2025-12-17T14:20:26.767105,WARNING,ML_ANOMALY,17288,ChatGPT.exe,,Score +10 (total 10),ML behavioral anomaly (z=3.98)
2025-12-17T14:20:27.837990,WARNING,ML_ANOMALY,4,System,,Score +10 (total 10),ML behavioral anomaly (z=4.12)
2025-12-17T14:20:28.556066,INFO,ML_ANOMALY,3504,Code.exe,,Whitelisted,ML behavioral anomaly (z=3.60)
2025-12-17T14:20:28.901319,WARNING,ML_ANOMALY,17368,taskhostw.exe,,Score +10 (total 10),ML behavioral anomaly (z=5.39)
2025-12-17T14:20:31.698571,WARNING,ML_ANOMALY,544,lsass.exe,,Score +10 (total 10),ML behavioral anomaly (z=5.39)
2025-12-17T14:20:32.111813,INFO,ML_ANOMALY,8244,Code.exe,,Whitelisted,ML behavioral anomaly (z=5.23)
2025-12-17T14:20:35.309328,INFO,ML_ANOMALY,2984,msedge.exe,,Whitelisted,ML behavioral anomaly (z=4.37)
2025-12-17T14:20:35.682524,INFO,ML_ANOMALY,9388,msedge.exe,,Whitelisted,ML behavioral anomaly (z=4.80)
2025-12-17T14:20:36.257670,INFO,ML_ANOMALY,9988,powershell.exe,,Whitelisted,ML behavioral anomaly (z=3.74)
2025-12-17T14:20:36.319291,INFO,ML_ANOMALY,10992,msedge.exe,,Whitelisted,ML behavioral anomaly (z=4.80)
2025-12-17T14:20:36.524013,INFO,ML_ANOMALY,13168,msedge.exe,,Whitelisted,ML behavioral anomaly (z=5.22)
2025-12-17T14:20:36.552431,INFO,ML_ANOMALY,13560,msedge.exe,,Whitelisted,ML behavioral anomaly (z=4.80)
2025-12-17T14:20:38.561722,INFO,ML_ANOMALY,5676,comet.exe,,Whitelisted,ML behavioral anomaly (z=5.31)
2025-12-17T14:20:38.646464,INFO,ML_ANOMALY,11276,comet.exe,,Whitelisted,ML behavioral anomaly (z=3.90)
2025-12-17T14:20:40.474608,INFO,ML_ANOMALY,10724,firefox.exe,,Whitelisted,ML behavioral anomaly (z=5.37)
2025-12-17T14:20:45.123503,WARNING,ML_ANOMALY,11860,M365Copilot.exe,,Score +10 (total 30),ML behavioral anomaly (z=4.76)
2025-12-17T14:20:45.154188,WARNING,ML_ANOMALY,13940,ChatGPT.exe,,Score +10 (total 10),ML behavioral anomaly (z=3.82)
2025-12-17T14:20:45.166600,INFO,ML_ANOMALY,14880,svchost.exe,,Whitelisted,ML behavioral anomaly (z=5.39)
2025-12-17T14:20:46.717843,INFO,ML_ANOMALY,2972,Code.exe,,Whitelisted,ML behavioral anomaly (z=5.33)
2025-12-17T14:20:47.001202,INFO,ML_ANOMALY,9988,powershell.exe,,Whitelisted,ML behavioral anomaly (z=4.37)
2025-12-17T14:20:50.799869,INFO,ML_ANOMALY,10724,firefox.exe,,Whitelisted,ML behavioral anomaly (z=5.38)
2025-12-17T14:20:50.825303,WARNING,ML_ANOMALY,11520,WhatsApp.Root.exe,,Score +10 (total 10),ML behavioral anomaly (z=3.74)
2025-12-17T14:20:50.940881,WARNING,ML_ANOMALY,15224,csrss.exe,,Score +10 (total 10),ML behavioral anomaly (z=5.08)
2025-12-17T14:20:55.368412,WARNING,ML_ANOMALY,4848,msedgewebview2.exe,,Score +10 (total 10),ML behavioral anomaly (z=4.37)
2025-12-17T14:20:55.410755,WARNING,ML_ANOMALY,6944,msedgewebview2.exe,,Score +10 (total 10),ML behavioral anomaly (z=4.36)
2025-12-17T14:20:55.490291,WARNING,ML_ANOMALY,13292,msedgewebview2.exe,,Score +10 (total 10),ML behavioral anomaly (z=4.37)
2025-12-17T14:20:55.537362,WARNING,ML_ANOMALY,16404,msedgewebview2.exe,,Score +10 (total 10),ML behavioral anomaly (z=4.37)
2025-12-17T14:20:56.627835,WARNING,ML_ANOMALY,1020,services.exe,,Score +10 (total 10),ML behavioral anomaly (z=5.39)
2025-12-17T14:20:56.729379,WARNING,ML_ANOMALY,2200,msedgewebview2.exe,,Score +10 (total 10),ML behavioral anomaly (z=4.80)
2025-12-17T14:20:57.167554,WARNING,ML_ANOMALY,16288,msedgewebview2.exe,,Score +10 (total 10),ML behavioral anomaly (z=4.80)
2025-12-17T14:20:58.279634,INFO,ML_ANOMALY,1132,svchost.exe,,Whitelisted,ML behavioral anomaly (z=5.39)
2025-12-17T14:20:58.299525,WARNING,ML_ANOMALY,1448,msedgewebview2.exe,,Score +10 (total 10),ML behavioral anomaly (z=4.80)
2025-12-17T14:20:58.414332,WARNING,ML_ANOMALY,2980,msedgewebview2.exe,,Score +10 (total 10),ML behavioral anomaly (z=4.80)
2025-12-17T14:20:58.472556,WARNING,ML_ANOMALY,3740,msedgewebview2.exe,,Score +10 (total 10),ML behavioral anomaly (z=5.39)
2025-12-17T14:20:58.681998,WARNING,ML_ANOMALY,8668,msedgewebview2.exe,,Score +10 (total 10),ML behavioral anomaly (z=5.39)
2025-12-17T14:21:00.651240,INFO,ML_ANOMALY,10192,comet.exe,,Whitelisted,ML behavioral anomaly (z=5.38)
2025-12-17T14:21:00.818886,INFO,ML_ANOMALY,15980,comet.exe,,Whitelisted,ML behavioral anomaly (z=5.39)
2025-12-17T14:21:00.895998,INFO,ML_ANOMALY,18284,comet.exe,,Whitelisted,ML behavioral anomaly (z=5.38)
2025-12-17T14:21:00.927143,INFO,ML_ANOMALY,21312,comet.exe,,Whitelisted,ML behavioral anomaly (z=5.38)
2025-12-17T14:21:02.521804,INFO,ML_ANOMALY,5056,comet.exe,,Whitelisted,ML behavioral anomaly (z=5.39)
2025-12-17T14:21:03.367822,INFO,ML_ANOMALY,8244,Code.exe,,Whitelisted,ML behavioral anomaly (z=5.27)
2025-12-17T14:21:03.435924,INFO,ML_ANOMALY,12720,Code.exe,,Whitelisted,ML behavioral anomaly (z=4.01)
2025-12-17T14:21:03.465731,WARNING,ML_ANOMALY,15224,csrss.exe,,Score +10 (total 20),ML behavioral anomaly (z=4.21)
2025-12-17T14:21:03.520153,INFO,ML_ANOMALY,21464,SearchProtocolHost.exe,,Whitelisted,ML behavioral anomaly (z=4.73)
2025-12-17T14:21:05.338659,INFO,ML_ANOMALY,12328,Code.exe,,Whitelisted,ML behavioral anomaly (z=3.57)
2025-12-17T14:21:09.822022,WARNING,ML_ANOMALY,2376,RegSvcs.exe,,Score +10 (total 10),ML behavioral anomaly (z=5.39)
2025-12-17T14:21:09.886299,INFO,ML_ANOMALY,2972,Code.exe,,Whitelisted,ML behavioral anomaly (z=3.73)
2025-12-17T14:21:09.891268,WARNING,ML_ANOMALY,2988,MemCompression,,Score +10 (total 10),ML behavioral anomaly (z=5.39)
2025-12-17T14:21:10.148025,INFO,ML_ANOMALY,7432,firefox.exe,,Whitelisted,ML behavioral anomaly (z=5.39)
2025-12-17T14:21:10.158731,WARNING,ML_ANOMALY,8668,msedgewebview2.exe,,Score +10 (total 20),ML behavioral anomaly (z=5.39)
2025-12-17T14:21:10.200009,INFO,ML_ANOMALY,10680,Code.exe,,Whitelisted,ML behavioral anomaly (z=5.38)
2025-12-17T14:21:10.200531,INFO,ML_ANOMALY,10876,svchost.exe,,Whitelisted,ML behavioral anomaly (z=5.39)
2025-12-17T14:21:10.297007,INFO,ML_ANOMALY,14880,svchost.exe,,Whitelisted,ML behavioral anomaly (z=3.94)
2025-12-17T14:21:11.535360,INFO,ML_ANOMALY,2328,firefox.exe,,Whitelisted,ML behavioral anomaly (z=5.38)
2025-12-17T14:21:12.118525,INFO,ML_ANOMALY,16692,firefox.exe,,Whitelisted,ML behavioral anomaly (z=4.66)
2025-12-17T14:21:14.010999,INFO,ML_ANOMALY,16692,firefox.exe,,Whitelisted,ML behavioral anomaly (z=3.87)
2025-12-17T14:21:15.604153,WARNING,ML_ANOMALY,2520,SearchIndexer.exe,,Score +10 (total 10),ML behavioral anomaly (z=5.39)
2025-12-17T14:21:16.495886,INFO,ML_ANOMALY,5316,comet.exe,,Whitelisted,ML behavioral anomaly (z=5.24)
2025-12-17T14:21:16.985341,INFO,ML_ANOMALY,16692,firefox.exe,,Whitelisted,ML behavioral anomaly (z=3.94)
2025-12-17T14:21:18.108326,WARNING,ML_ANOMALY,148,Registry,,Score +10 (total 10),ML behavioral anomaly (z=5.10)
2025-12-17T14:21:18.801528,INFO,ML_ANOMALY,3484,comet.exe,,Whitelisted,ML behavioral anomaly (z=5.30)
2025-12-17T14:21:18.812884,INFO,ML_ANOMALY,3608,svchost.exe,,Whitelisted,ML behavioral anomaly (z=5.39)
2025-12-17T14:21:18.887412,WARNING,ML_ANOMALY,4448,CrashReporter.exe,,Score +10 (total 10),ML behavioral anomaly (z=5.39)
2025-12-17T14:21:20.485650,INFO,ML_ANOMALY,3608,svchost.exe,,Whitelisted,ML behavioral anomaly (z=3.74)
2025-12-17T14:21:20.753471,INFO,ML_ANOMALY,10680,Code.exe,,Whitelisted,ML behavioral anomaly (z=3.95)
2025-12-17T14:21:20.992904,INFO,ML_ANOMALY,18900,Code.exe,,Whitelisted,ML behavioral anomaly (z=5.39)
2025-12-17T14:21:22.213282,WARNING,ML_ANOMALY,2520,SearchIndexer.exe,,Score +10 (total 20),ML behavioral anomaly (z=4.35)
2025-12-17T14:21:22.825438,INFO,ML_ANOMALY,18900,Code.exe,,Whitelisted,ML behavioral anomaly (z=3.74)
2025-12-17T14:21:23.940852,INFO,ML_ANOMALY,1036,svchost.exe,,Whitelisted,ML behavioral anomaly (z=5.39)
2025-12-17T14:21:23.954152,INFO,ML_ANOMALY,1132,svchost.exe,,Whitelisted,ML behavioral anomaly (z=4.40)
2025-12-17T14:21:23.966848,INFO,ML_ANOMALY,1192,svchost.exe,,Whitelisted,ML behavioral anomaly (z=5.39)
2025-12-17T14:21:24.111196,WARNING,ML_ANOMALY,2520,SearchIndexer.exe,,Score +10 (total 30),ML behavioral anomaly (z=5.33)
2025-12-17T14:21:24.160285,INFO,ML_ANOMALY,2888,svchost.exe,,Whitelisted,ML behavioral anomaly (z=5.39)
2025-12-17T14:21:24.232557,INFO,ML_ANOMALY,3608,svchost.exe,,Whitelisted,ML behavioral anomaly (z=4.04)
2025-12-17T14:21:24.572988,WARNING,ML_ANOMALY,4784,MsMpEng.exe,,Score +10 (total 10),ML behavioral anomaly (z=5.39)
2025-12-17T14:21:24.770713,INFO,ML_ANOMALY,7212,firefox.exe,,Whitelisted,ML behavioral anomaly (z=5.38)
2025-12-17T14:21:24.936011,INFO,ML_ANOMALY,10844,powershell.exe,,Whitelisted,ML behavioral anomaly (z=5.39)
2025-12-17T14:21:24.968089,WARNING,ML_ANOMALY,11520,WhatsApp.Root.exe,,Score +10 (total 20),ML behavioral anomaly (z=3.74)
2025-12-17T14:21:25.475499,WARNING,ML_ANOMALY,17024,sihost.exe,,Score +10 (total 10),ML behavioral anomaly (z=5.39)
2025-12-17T14:21:26.621421,WARNING,ML_ANOMALY,0,System Idle Process,,Score +10 (total 10),ML behavioral anomaly (z=4.18)
2025-12-17T14:21:27.155868,INFO,ML_ANOMALY,1860,svchost.exe,,Whitelisted,ML behavioral anomaly (z=5.39)
2025-12-17T14:21:27.587212,INFO,ML_ANOMALY,2888,svchost.exe,,Whitelisted,ML behavioral anomaly (z=3.74)
2025-12-17T14:21:27.833205,INFO,ML_ANOMALY,3608,svchost.exe,,Whitelisted,ML behavioral anomaly (z=3.77)
2025-12-17T14:21:28.625779,WARNING,ML_ANOMALY,6944,msedgewebview2.exe,,Score +10 (total 20),ML behavioral anomaly (z=4.02)
2025-12-17T14:21:28.662356,INFO,ML_ANOMALY,8720,explorer.exe,,Whitelisted,ML behavioral anomaly (z=4.33)
2025-12-17T14:21:28.702821,WARNING,ML_ANOMALY,10260,RuntimeBroker.exe,,Score +10 (total 10),ML behavioral anomaly (z=5.39)
2025-12-17T14:21:28.704963,WARNING,ML_ANOMALY,10332,ShellExperienceHost.exe,,Score +10 (total 10),ML behavioral anomaly (z=5.39)
2025-12-17T14:21:28.707408,INFO,ML_ANOMALY,10876,svchost.exe,,Whitelisted,ML behavioral anomaly (z=4.85)
2025-12-17T14:21:28.763533,INFO,ML_ANOMALY,14272,svchost.exe,,Whitelisted,ML behavioral anomaly (z=5.39)
2025-12-17T14:21:28.810956,WARNING,ML_ANOMALY,16404,msedgewebview2.exe,,Score +10 (total 20),ML behavioral anomaly (z=3.81)
2025-12-17T14:21:28.811421,WARNING,ML_ANOMALY,17024,sihost.exe,,Score +10 (total 20),ML behavioral anomaly (z=5.39)
2025-12-17T14:21:28.820722,WARNING,ML_ANOMALY,17288,ChatGPT.exe,,Score +10 (total 20),ML behavioral anomaly (z=5.38)
2025-12-17T14:21:29.937892,WARNING,ML_ANOMALY,148,Registry,,Score +10 (total 20),ML behavioral anomaly (z=4.75)
2025-12-17T14:21:30.096339,INFO,ML_ANOMALY,1860,svchost.exe,,Whitelisted,ML behavioral anomaly (z=4.16)
2025-12-17T14:21:30.133554,WARNING,ML_ANOMALY,2376,RegSvcs.exe,,Score +10 (total 20),ML behavioral anomaly (z=5.39)
2025-12-17T14:21:30.182705,INFO,ML_ANOMALY,2744,svchost.exe,,Whitelisted,ML behavioral anomaly (z=5.39)
2025-12-17T14:21:30.222876,INFO,ML_ANOMALY,2888,svchost.exe,,Whitelisted,ML behavioral anomaly (z=5.31)
2025-12-17T14:21:30.381709,INFO,ML_ANOMALY,3504,Code.exe,,Whitelisted,ML behavioral anomaly (z=4.04)
2025-12-17T14:21:30.390237,INFO,ML_ANOMALY,3608,svchost.exe,,Whitelisted,ML behavioral anomaly (z=3.73)
2025-12-17T14:21:30.502789,INFO,ML_ANOMALY,4288,svchost.exe,,Whitelisted,ML behavioral anomaly (z=5.39)
2025-12-17T14:21:31.075742,INFO,ML_ANOMALY,15468,svchost.exe,,Whitelisted,ML behavioral anomaly (z=5.39)
2025-12-17T14:21:32.734776,WARNING,ML_ANOMALY,4,System,,Score +10 (total 20),ML behavioral anomaly (z=4.79)
2025-12-17T14:21:33.152899,INFO,ML_ANOMALY,2888,svchost.exe,,Whitelisted,ML behavioral anomaly (z=3.72)
2025-12-17T14:21:34.099164,WARNING,ML_ANOMALY,13788,audiodg.exe,,Score +10 (total 10),ML behavioral anomaly (z=3.64)
2025-12-17T14:21:35.519598,INFO,ML_ANOMALY,2384,svchost.exe,,Whitelisted,ML behavioral anomaly (z=5.39)
2025-12-17T14:21:35.613042,INFO,ML_ANOMALY,2744,svchost.exe,,Whitelisted,ML behavioral anomaly (z=4.75)
2025-12-17T14:21:35.638514,INFO,ML_ANOMALY,2984,msedge.exe,,Whitelisted,ML behavioral anomaly (z=4.37)
2025-12-17T14:21:36.319060,INFO,ML_ANOMALY,8544,Code.exe,,Whitelisted,ML behavioral anomaly (z=4.66)
2025-12-17T14:21:36.342519,INFO,ML_ANOMALY,9388,msedge.exe,,Whitelisted,ML behavioral anomaly (z=4.37)
2025-12-17T14:21:36.418557,INFO,ML_ANOMALY,10596,firefox.exe,,Whitelisted,ML behavioral anomaly (z=5.38)
2025-12-17T14:21:36.429604,INFO,ML_ANOMALY,10992,msedge.exe,,Whitelisted,ML behavioral anomaly (z=4.37)
2025-12-17T14:21:36.593017,INFO,ML_ANOMALY,13560,msedge.exe,,Whitelisted,ML behavioral anomaly (z=4.37)
2025-12-17T14:21:36.628806,INFO,ML_ANOMALY,14888,firefox.exe,,Whitelisted,ML behavioral anomaly (z=5.31)
2025-12-17T14:21:38.217851,INFO,ML_ANOMALY,2984,msedge.exe,,Whitelisted,ML behavioral anomaly (z=4.57)
2025-12-17T14:21:39.240735,INFO,ML_ANOMALY,12328,Code.exe,,Whitelisted,ML behavioral anomaly (z=5.15)
2025-12-17T14:21:39.250089,INFO,ML_ANOMALY,12744,firefox.exe,,Whitelisted,ML behavioral anomaly (z=5.37)
2025-12-17T14:21:39.329186,WARNING,ML_ANOMALY,13940,ChatGPT.exe,,Score +10 (total 20),ML behavioral anomaly (z=5.33)
2025-12-17T14:21:39.382541,INFO,ML_ANOMALY,15920,msedge.exe,,Whitelisted,ML behavioral anomaly (z=3.76)
2025-12-17T14:21:41.056288,INFO,ML_ANOMALY,2412,Code.exe,,Whitelisted,ML behavioral anomaly (z=5.38)
2025-12-17T14:21:41.971917,INFO,ML_ANOMALY,18900,Code.exe,,Whitelisted,ML behavioral anomaly (z=5.38)
2025-12-17T14:21:44.324872,INFO,ML_ANOMALY,18900,Code.exe,,Whitelisted,ML behavioral anomaly (z=3.74)
2025-12-17T14:21:46.029661,INFO,ML_ANOMALY,5676,comet.exe,,Whitelisted,ML behavioral anomaly (z=3.67)
2025-12-17T14:21:46.400400,WARNING,ML_ANOMALY,16208,unsecapp.exe,,Score +10 (total 10),ML behavioral anomaly (z=5.39)
2025-12-17T14:21:48.840034,INFO,ML_ANOMALY,8544,Code.exe,,Whitelisted,ML behavioral anomaly (z=4.15)
2025-12-17T14:21:49.055506,WARNING,ML_ANOMALY,11216,SMΔRTP.exe,,Score +10 (total 10),ML behavioral anomaly (z=5.12)
2025-12-17T14:21:51.018022,WARNING,ML_ANOMALY,2996,SearchFilterHost.exe,,Score +10 (total 10),ML behavioral anomaly (z=5.39)
2025-12-17T14:21:51.618360,INFO,ML_ANOMALY,14900,firefox.exe,,Whitelisted,ML behavioral anomaly (z=4.94)
2025-12-17T14:21:53.160227,INFO,ML_ANOMALY,3484,comet.exe,,Whitelisted,ML behavioral anomaly (z=5.30)
2025-12-17T14:21:53.604965,INFO,ML_ANOMALY,8148,comet.exe,,Whitelisted,ML behavioral anomaly (z=4.18)
2025-12-17T14:21:53.642040,INFO,ML_ANOMALY,10192,comet.exe,,Whitelisted,ML behavioral anomaly (z=3.74)
2025-12-17T14:21:53.652886,INFO,ML_ANOMALY,11276,comet.exe,,Whitelisted,ML behavioral anomaly (z=4.98)
2025-12-17T14:21:53.679792,INFO,ML_ANOMALY,12156,comet.exe,,Whitelisted,ML behavioral anomaly (z=5.38)
2025-12-17T14:21:53.706708,INFO,ML_ANOMALY,13736,comet.exe,,Whitelisted,ML behavioral anomaly (z=5.38)
2025-12-17T14:21:53.738047,INFO,ML_ANOMALY,16080,comet.exe,,Whitelisted,ML behavioral anomaly (z=5.38)
2025-12-17T14:21:53.797133,INFO,ML_ANOMALY,18112,comet.exe,,Whitelisted,ML behavioral anomaly (z=5.38)
2025-12-17T14:21:53.797506,INFO,ML_ANOMALY,18284,comet.exe,,Whitelisted,ML behavioral anomaly (z=3.89)
2025-12-17T14:21:53.797715,INFO,ML_ANOMALY,18400,comet.exe,,Whitelisted,ML behavioral anomaly (z=5.38)
2025-12-17T14:21:55.142683,INFO,ML_ANOMALY,3484,comet.exe,,Whitelisted,ML behavioral anomaly (z=3.71)
2025-12-17T14:21:55.480952,WARNING,ML_ANOMALY,4492,vmnetdhcp.exe,,Score +10 (total 10),ML behavioral anomaly (z=5.39)
2025-12-17T14:21:55.527516,WARNING,ML_ANOMALY,4528,vmnat.exe,,Score +10 (total 30),ML behavioral anomaly (z=5.39)
2025-12-17T14:21:55.683004,WARNING,ML_ANOMALY,4848,msedgewebview2.exe,,Score +10 (total 20),ML behavioral anomaly (z=4.08)
2025-12-17T14:21:55.997057,INFO,ML_ANOMALY,10680,Code.exe,,Whitelisted,ML behavioral anomaly (z=3.61)
2025-12-17T14:21:56.064524,INFO,ML_ANOMALY,12156,comet.exe,,Whitelisted,ML behavioral anomaly (z=3.74)
2025-12-17T14:21:56.105081,WARNING,ML_ANOMALY,13292,msedgewebview2.exe,,Score +10 (total 20),ML behavioral anomaly (z=4.08)
2025-12-17T14:21:56.169146,INFO,ML_ANOMALY,13736,comet.exe,,Whitelisted,ML behavioral anomaly (z=3.74)
2025-12-17T14:21:56.217523,INFO,ML_ANOMALY,16080,comet.exe,,Whitelisted,ML behavioral anomaly (z=3.74)
2025-12-17T14:21:56.244711,INFO,ML_ANOMALY,18112,comet.exe,,Whitelisted,ML behavioral anomaly (z=3.74)
2025-12-17T14:21:56.293460,INFO,ML_ANOMALY,18400,comet.exe,,Whitelisted,ML behavioral anomaly (z=3.74)
2025-12-17T14:21:56.294216,INFO,ML_ANOMALY,19288,conhost.exe,,Whitelisted,ML behavioral anomaly (z=5.39)
2025-12-17T14:21:57.504891,WARNING,ML_ANOMALY,1448,msedgewebview2.exe,,Score +10 (total 20),ML behavioral anomaly (z=3.87)
2025-12-17T14:21:57.661279,WARNING,ML_ANOMALY,2200,msedgewebview2.exe,,Score +10 (total 20),ML behavioral anomaly (z=4.08)
2025-12-17T14:21:57.817771,WARNING,ML_ANOMALY,2980,msedgewebview2.exe,,Score +10 (total 20),ML behavioral anomaly (z=3.87)
2025-12-17T14:21:57.937144,WARNING,ML_ANOMALY,3740,msedgewebview2.exe,,Score +10 (total 20),ML behavioral anomaly (z=3.87)
2025-12-17T14:21:58.239888,WARNING,ML_ANOMALY,4492,vmnetdhcp.exe,,Score +10 (total 20),ML behavioral anomaly (z=5.22)
2025-12-17T14:21:58.292728,WARNING,ML_ANOMALY,4528,vmnat.exe,,Score +10 (total 40),ML behavioral anomaly (z=5.22)
2025-12-17T14:21:58.701662,WARNING,ML_ANOMALY,11520,WhatsApp.Root.exe,,Score +10 (total 30),ML behavioral anomaly (z=3.74)
2025-12-17T14:21:58.881278,WARNING,ML_ANOMALY,16288,msedgewebview2.exe,,Score +10 (total 20),ML behavioral anomaly (z=4.08)
2025-12-17T14:22:00.223148,INFO,ML_ANOMALY,1996,msedge.exe,,Whitelisted,ML behavioral anomaly (z=3.93)
2025-12-17T14:22:00.422382,INFO,ML_ANOMALY,2660,svchost.exe,,Whitelisted,ML behavioral anomaly (z=5.39)
2025-12-17T14:22:00.542086,INFO,ML_ANOMALY,3336,svchost.exe,,Whitelisted,ML behavioral anomaly (z=5.39)
2025-12-17T14:22:00.882550,WARNING,ML_ANOMALY,4492,vmnetdhcp.exe,,Score +10 (total 30),ML behavioral anomaly (z=4.62)
2025-12-17T14:22:00.920164,WARNING,ML_ANOMALY,4528,vmnat.exe,,Score +10 (total 50),ML behavioral anomaly (z=4.62)
2025-12-17T14:22:02.828417,WARNING,ML_ANOMALY,148,Registry,,Score +10 (total 30),ML behavioral anomaly (z=4.07)
2025-12-17T14:22:03.545188,WARNING,ML_ANOMALY,4492,vmnetdhcp.exe,,Score +10 (total 40),ML behavioral anomaly (z=4.15)
2025-12-17T14:22:03.630973,WARNING,ML_ANOMALY,4528,vmnat.exe,,Score +10 (total 60),ML behavioral anomaly (z=4.15)
2025-12-17T14:22:06.039441,WARNING,ML_ANOMALY,4492,vmnetdhcp.exe,,Score +10 (total 50),ML behavioral anomaly (z=3.61)
2025-12-17T14:22:06.663678,WARNING,ML_ANOMALY,4528,vmnat.exe,,Score +10 (total 70),ML behavioral anomaly (z=3.78)
2025-12-17T14:22:08.208761,INFO,ML_ANOMALY,1996,msedge.exe,,Whitelisted,ML behavioral anomaly (z=3.76)
2025-12-17T14:22:09.246402,WARNING,ML_ANOMALY,19688,wlanext.exe,,Score +10 (total 10),ML behavioral anomaly (z=5.39)
2025-12-17T14:22:11.126598,WARNING,ML_ANOMALY,4528,vmnat.exe,,Score +10 (total 80),ML behavioral anomaly (z=5.39)
2025-12-17T14:22:11.302726,WARNING,ML_ANOMALY,4848,msedgewebview2.exe,,Score +10 (total 30),ML behavioral anomaly (z=5.39)
2025-12-17T14:22:11.749005,WARNING,ML_ANOMALY,19688,wlanext.exe,,Score +10 (total 20),ML behavioral anomaly (z=3.74)
2025-12-17T14:22:13.314159,INFO,ML_ANOMALY,2412,Code.exe,,Whitelisted,ML behavioral anomaly (z=4.54)
2025-12-17T14:22:14.192404,INFO,ML_ANOMALY,8244,Code.exe,,Whitelisted,ML behavioral anomaly (z=4.81)
2025-12-17T14:22:14.209868,INFO,ML_ANOMALY,8544,Code.exe,,Whitelisted,ML behavioral anomaly (z=4.40)
2025-12-17T14:22:20.790534,INFO,ML_ANOMALY,2360,firefox.exe,,Whitelisted,ML behavioral anomaly (z=5.39)
2025-12-17T14:22:21.429439,INFO,ML_ANOMALY,9848,firefox.exe,,Whitelisted,ML behavioral anomaly (z=5.39)
2025-12-17T14:22:21.508662,INFO,ML_ANOMALY,13728,firefox.exe,,Whitelisted,ML behavioral anomaly (z=5.39)
2025-12-17T14:22:21.513815,INFO,ML_ANOMALY,14244,firefox.exe,,Whitelisted,ML behavioral anomaly (z=5.39)
2025-12-17T14:22:21.555547,INFO,ML_ANOMALY,16400,firefox.exe,,Whitelisted,ML behavioral anomaly (z=4.94)
2025-12-17T14:22:21.555996,INFO,ML_ANOMALY,16692,firefox.exe,,Whitelisted,ML behavioral anomaly (z=4.93)
2025-12-17T14:22:21.579622,INFO,ML_ANOMALY,18724,firefox.exe,,Whitelisted,ML behavioral anomaly (z=5.39)
2025-12-17T14:22:21.580122,INFO,ML_ANOMALY,19316,firefox.exe,,Whitelisted,ML behavioral anomaly (z=5.39)
2025-12-17T14:22:21.600488,INFO,ML_ANOMALY,20216,firefox.exe,,Whitelisted,ML behavioral anomaly (z=5.39)
2025-12-17T14:22:22.888328,INFO,ML_ANOMALY,2360,firefox.exe,,Whitelisted,ML behavioral anomaly (z=4.27)
2025-12-17T14:22:23.576520,INFO,ML_ANOMALY,9848,firefox.exe,,Whitelisted,ML behavioral anomaly (z=4.28)
2025-12-17T14:22:23.810364,INFO,ML_ANOMALY,13728,firefox.exe,,Whitelisted,ML behavioral anomaly (z=4.27)
2025-12-17T14:22:23.942060,INFO,ML_ANOMALY,19316,firefox.exe,,Whitelisted,ML behavioral anomaly (z=4.27)
2025-12-17T14:22:26.271370,INFO,ML_ANOMALY,7432,firefox.exe,,Whitelisted,ML behavioral anomaly (z=4.37)
2025-12-17T14:22:26.463959,INFO,ML_ANOMALY,10724,firefox.exe,,Whitelisted,ML behavioral anomaly (z=5.01)
2025-12-17T14:22:26.835286,WARNING,ML_ANOMALY,13788,audiodg.exe,,Score +10 (total 20),ML behavioral anomaly (z=4.89)
2025-12-17T14:22:26.852504,INFO,ML_ANOMALY,14880,svchost.exe,,Whitelisted,ML behavioral anomaly (z=5.37)
2025-12-17T14:22:36.317192,INFO,APP_STARTUP,,,,,Ransomware Defense Kit started
2025-12-17T14:24:10.903473,INFO,APP_STARTUP,,,,,Ransomware Defense Kit started
2025-12-17T14:24:46.332419,WARNING,ML_ANOMALY,11860,M365Copilot.exe,,Score +10 (total 10),ML behavioral anomaly (z=3.60)
2025-12-17T14:24:48.317960,WARNING,ML_ANOMALY,9324,ctfmon.exe,,Score +10 (total 10),ML behavioral anomaly (z=3.74)
2025-12-17T14:24:49.774537,INFO,ML_ANOMALY,1132,svchost.exe,,Whitelisted,ML behavioral anomaly (z=3.87)
2025-12-17T14:24:53.116297,WARNING,ML_ANOMALY,17024,sihost.exe,,Score +10 (total 10),ML behavioral anomaly (z=4.00)
2025-12-17T14:24:53.224468,WARNING,ML_ANOMALY,20564,SearchFilterHost.exe,,Score +10 (total 10),ML behavioral anomaly (z=4.00)
2025-12-17T14:24:53.266899,INFO,ML_ANOMALY,21464,SearchProtocolHost.exe,,Whitelisted,ML behavioral anomaly (z=4.00)
2025-12-17T14:24:55.339296,WARNING,ML_ANOMALY,10332,ShellExperienceHost.exe,,Score +10 (total 10),ML behavioral anomaly (z=4.12)
2025-12-17T14:24:55.720528,WARNING,ML_ANOMALY,15224,csrss.exe,,Score +10 (total 10),ML behavioral anomaly (z=3.51)
2025-12-17T14:25:00.365522,WARNING,ML_ANOMALY,15224,csrss.exe,,Score +10 (total 20),ML behavioral anomaly (z=4.17)
2025-12-17T14:25:02.447063,WARNING,ML_ANOMALY,9324,ctfmon.exe,,Score +10 (total 20),ML behavioral anomaly (z=4.17)
2025-12-17T14:25:03.024579,INFO,ML_ANOMALY,20964,comet.exe,,Whitelisted,ML behavioral anomaly (z=4.16)
2025-12-17T14:25:08.004838,INFO,ML_ANOMALY,10876,svchost.exe,,Whitelisted,ML behavioral anomaly (z=4.18)
2025-12-17T14:25:10.140002,WARNING,ML_ANOMALY,6764,WmiPrvSE.exe,,Score +10 (total 10),ML behavioral anomaly (z=4.80)
2025-12-17T14:25:24.248087,WARNING,ML_ANOMALY,9324,ctfmon.exe,,Score +10 (total 30),ML behavioral anomaly (z=4.62)
2025-12-17T14:25:26.176614,INFO,ML_ANOMALY,2384,svchost.exe,,Whitelisted,ML behavioral anomaly (z=5.39)
2025-12-17T14:25:26.992669,WARNING,ML_ANOMALY,6796,crashhelper.exe,,Score +10 (total 10),ML behavioral anomaly (z=5.39)
2025-12-17T14:25:27.024950,INFO,ML_ANOMALY,7432,firefox.exe,,Whitelisted,ML behavioral anomaly (z=5.34)
2025-12-17T14:25:27.155774,INFO,ML_ANOMALY,10596,firefox.exe,,Whitelisted,ML behavioral anomaly (z=5.32)
2025-12-17T14:25:27.203775,WARNING,ML_ANOMALY,11860,M365Copilot.exe,,Score +10 (total 20),ML behavioral anomaly (z=4.10)
2025-12-17T14:25:27.407634,INFO,ML_ANOMALY,14888,firefox.exe,,Whitelisted,ML behavioral anomaly (z=5.16)
2025-12-17T14:25:27.541375,INFO,ML_ANOMALY,20216,firefox.exe,,Whitelisted,ML behavioral anomaly (z=5.39)
2025-12-17T14:25:28.682590,WARNING,ML_ANOMALY,4,System,,Score +10 (total 10),ML behavioral anomaly (z=4.87)
2025-12-17T14:25:30.318474,INFO,ML_ANOMALY,20216,firefox.exe,,Whitelisted,ML behavioral anomaly (z=3.66)
2025-12-17T14:25:31.762991,INFO,ML_ANOMALY,1132,svchost.exe,,Whitelisted,ML behavioral anomaly (z=4.38)
2025-12-17T14:25:32.637353,INFO,ML_ANOMALY,7432,firefox.exe,,Whitelisted,ML behavioral anomaly (z=4.14)
2025-12-17T14:25:33.992775,INFO,ML_ANOMALY,1036,svchost.exe,,Whitelisted,ML behavioral anomaly (z=5.39)
2025-12-17T14:25:34.180973,INFO,ML_ANOMALY,2888,svchost.exe,,Whitelisted,ML behavioral anomaly (z=4.75)
2025-12-17T14:25:34.278953,INFO,ML_ANOMALY,4288,svchost.exe,,Whitelisted,ML behavioral anomaly (z=4.66)
2025-12-17T14:25:34.506890,WARNING,ML_ANOMALY,4784,MsMpEng.exe,,Score +10 (total 10),ML behavioral anomaly (z=4.23)
2025-12-17T14:25:34.883702,WARNING,ML_ANOMALY,13788,audiodg.exe,,Score +10 (total 10),ML behavioral anomaly (z=4.23)
2025-12-17T14:25:34.927134,INFO,ML_ANOMALY,14880,svchost.exe,,Whitelisted,ML behavioral anomaly (z=4.29)
2025-12-17T14:25:34.995921,WARNING,ML_ANOMALY,17024,sihost.exe,,Score +10 (total 20),ML behavioral anomaly (z=3.51)
2025-12-17T14:25:35.091859,WARNING,ML_ANOMALY,20564,SearchFilterHost.exe,,Score +10 (total 20),ML behavioral anomaly (z=5.37)
2025-12-17T14:25:36.637912,INFO,ML_ANOMALY,2984,msedge.exe,,Whitelisted,ML behavioral anomaly (z=3.72)
2025-12-17T14:25:37.447287,INFO,ML_ANOMALY,9388,msedge.exe,,Whitelisted,ML behavioral anomaly (z=3.87)
2025-12-17T14:25:37.503723,INFO,ML_ANOMALY,9988,powershell.exe,,Whitelisted,ML behavioral anomaly (z=5.39)
2025-12-17T14:25:37.548904,WARNING,ML_ANOMALY,10332,ShellExperienceHost.exe,,Score +10 (total 20),ML behavioral anomaly (z=3.76)
2025-12-17T14:25:37.593355,INFO,ML_ANOMALY,10992,msedge.exe,,Whitelisted,ML behavioral anomaly (z=3.87)
2025-12-17T14:25:37.652665,INFO,ML_ANOMALY,13168,msedge.exe,,Whitelisted,ML behavioral anomaly (z=3.87)
2025-12-17T14:25:37.669388,INFO,ML_ANOMALY,13560,msedge.exe,,Whitelisted,ML behavioral anomaly (z=3.87)
2025-12-17T14:25:37.848200,INFO,ML_ANOMALY,18900,Code.exe,,Whitelisted,ML behavioral anomaly (z=5.39)
2025-12-17T14:25:40.253641,INFO,ML_ANOMALY,8720,explorer.exe,,Whitelisted,ML behavioral anomaly (z=4.16)
2025-12-17T14:25:40.381823,INFO,ML_ANOMALY,14880,svchost.exe,,Whitelisted,ML behavioral anomaly (z=4.77)
2025-12-17T14:25:41.994038,INFO,ML_ANOMALY,3484,comet.exe,,Whitelisted,ML behavioral anomaly (z=5.38)
2025-12-17T14:25:42.420031,INFO,ML_ANOMALY,8244,Code.exe,,Whitelisted,ML behavioral anomaly (z=4.14)
2025-12-17T14:25:42.420838,WARNING,ML_ANOMALY,8668,msedgewebview2.exe,,Score +10 (total 10),ML behavioral anomaly (z=5.39)
2025-12-17T14:25:45.456617,WARNING,ML_ANOMALY,16564,RuntimeBroker.exe,,Score +10 (total 10),ML behavioral anomaly (z=4.56)
2025-12-17T14:25:46.658604,WARNING,ML_ANOMALY,544,lsass.exe,,Score +10 (total 10),ML behavioral anomaly (z=5.39)
2025-12-17T14:25:47.293552,INFO,ML_ANOMALY,2972,Code.exe,,Whitelisted,ML behavioral anomaly (z=5.33)
2025-12-17T14:25:51.309936,INFO,ML_ANOMALY,2888,svchost.exe,,Whitelisted,ML behavioral anomaly (z=4.88)
2025-12-17T14:25:51.328492,INFO,ML_ANOMALY,3120,svchost.exe,,Whitelisted,ML behavioral anomaly (z=5.39)
2025-12-17T14:25:51.600084,INFO,ML_ANOMALY,4408,svchost.exe,,Whitelisted,ML behavioral anomaly (z=5.39)
2025-12-17T14:25:51.887260,WARNING,ML_ANOMALY,4784,MsMpEng.exe,,Score +10 (total 20),ML behavioral anomaly (z=5.09)
2025-12-17T14:25:52.129430,WARNING,ML_ANOMALY,9764,ApplicationFrameHost.exe,,Score +10 (total 10),ML behavioral anomaly (z=5.39)
2025-12-17T14:25:52.392490,INFO,ML_ANOMALY,13736,comet.exe,,Whitelisted,ML behavioral anomaly (z=5.37)
2025-12-17T14:25:52.506061,WARNING,ML_ANOMALY,16392,RuntimeBroker.exe,,Score +10 (total 10),ML behavioral anomaly (z=4.80)
2025-12-17T14:25:52.558887,WARNING,ML_ANOMALY,17368,taskhostw.exe,,Score +10 (total 10),ML behavioral anomaly (z=5.39)
2025-12-17T14:25:52.638165,INFO,ML_ANOMALY,21312,comet.exe,,Whitelisted,ML behavioral anomaly (z=5.37)
2025-12-17T14:25:53.675783,WARNING,ML_ANOMALY,148,Registry,,Score +10 (total 10),ML behavioral anomaly (z=5.12)
2025-12-17T14:25:53.929221,WARNING,ML_ANOMALY,2376,RegSvcs.exe,,Score +10 (total 10),ML behavioral anomaly (z=5.39)
2025-12-17T14:25:54.563589,WARNING,ML_ANOMALY,4492,vmnetdhcp.exe,,Score +10 (total 10),ML behavioral anomaly (z=5.39)
2025-12-17T14:25:54.660037,WARNING,ML_ANOMALY,4528,vmnat.exe,,Score +10 (total 10),ML behavioral anomaly (z=5.39)
2025-12-17T14:25:55.183568,WARNING,ML_ANOMALY,13292,msedgewebview2.exe,,Score +10 (total 10),ML behavioral anomaly (z=3.60)
2025-12-17T14:25:56.350672,WARNING,ML_ANOMALY,1020,services.exe,,Score +10 (total 10),ML behavioral anomaly (z=5.39)
2025-12-17T14:25:56.569914,WARNING,ML_ANOMALY,2200,msedgewebview2.exe,,Score +10 (total 10),ML behavioral anomaly (z=3.60)
2025-12-17T14:25:57.016084,WARNING,ML_ANOMALY,4492,vmnetdhcp.exe,,Score +10 (total 20),ML behavioral anomaly (z=5.10)
2025-12-17T14:25:57.030130,WARNING,ML_ANOMALY,4528,vmnat.exe,,Score +10 (total 20),ML behavioral anomaly (z=5.10)
2025-12-17T14:25:57.087837,WARNING,ML_ANOMALY,4848,msedgewebview2.exe,,Score +10 (total 10),ML behavioral anomaly (z=3.60)
2025-12-17T14:25:57.137712,WARNING,ML_ANOMALY,6944,msedgewebview2.exe,,Score +10 (total 10),ML behavioral anomaly (z=3.86)
2025-12-17T14:25:57.236377,WARNING,ML_ANOMALY,13292,msedgewebview2.exe,,Score +10 (total 20),ML behavioral anomaly (z=3.80)
2025-12-17T14:25:57.283251,WARNING,ML_ANOMALY,16288,msedgewebview2.exe,,Score +10 (total 10),ML behavioral anomaly (z=3.60)
2025-12-17T14:25:58.467943,WARNING,ML_ANOMALY,1448,msedgewebview2.exe,,Score +10 (total 10),ML behavioral anomaly (z=3.72)
2025-12-17T14:25:58.588146,INFO,ML_ANOMALY,1996,msedge.exe,,Whitelisted,ML behavioral anomaly (z=3.74)
2025-12-17T14:25:58.683855,WARNING,ML_ANOMALY,2980,msedgewebview2.exe,,Score +10 (total 10),ML behavioral anomaly (z=3.72)
2025-12-17T14:25:58.732360,WARNING,ML_ANOMALY,3740,msedgewebview2.exe,,Score +10 (total 10),ML behavioral anomaly (z=3.72)
2025-12-17T14:25:58.836774,WARNING,ML_ANOMALY,4492,vmnetdhcp.exe,,Score +10 (total 30),ML behavioral anomaly (z=4.53)
2025-12-17T14:25:58.850454,WARNING,ML_ANOMALY,4528,vmnat.exe,,Score +10 (total 30),ML behavioral anomaly (z=4.53)
2025-12-17T14:26:00.238630,INFO,ML_ANOMALY,1036,svchost.exe,,Whitelisted,ML behavioral anomaly (z=3.72)
2025-12-17T14:26:00.527671,INFO,ML_ANOMALY,4416,svchost.exe,,Whitelisted,ML behavioral anomaly (z=5.39)
2025-12-17T14:26:00.585530,WARNING,ML_ANOMALY,4492,vmnetdhcp.exe,,Score +10 (total 40),ML behavioral anomaly (z=4.08)
2025-12-17T14:26:00.604505,WARNING,ML_ANOMALY,4528,vmnat.exe,,Score +10 (total 40),ML behavioral anomaly (z=4.08)
2025-12-17T14:26:00.681160,INFO,ML_ANOMALY,5676,comet.exe,,Whitelisted,ML behavioral anomaly (z=5.30)
2025-12-17T14:26:00.861622,INFO,ML_ANOMALY,18112,comet.exe,,Whitelisted,ML behavioral anomaly (z=5.39)
2025-12-17T14:26:00.884653,INFO,ML_ANOMALY,21312,comet.exe,,Whitelisted,ML behavioral anomaly (z=5.20)
2025-12-17T14:26:03.663833,INFO,ML_ANOMALY,1860,svchost.exe,,Whitelisted,ML behavioral anomaly (z=3.71)
2025-12-17T14:26:05.400663,WARNING,ML_ANOMALY,2376,RegSvcs.exe,,Score +10 (total 20),ML behavioral anomaly (z=4.80)
2025-12-17T14:26:06.025605,INFO,ML_ANOMALY,18724,firefox.exe,,Whitelisted,ML behavioral anomaly (z=5.39)
2025-12-17T14:26:06.800251,INFO,ML_ANOMALY,19316,firefox.exe,,Whitelisted,ML behavioral anomaly (z=5.39)
2025-12-17T14:26:08.880175,INFO,ML_ANOMALY,10724,firefox.exe,,Whitelisted,ML behavioral anomaly (z=5.38)
2025-12-17T14:26:08.974594,INFO,ML_ANOMALY,18724,firefox.exe,,Whitelisted,ML behavioral anomaly (z=3.74)
2025-12-17T14:26:08.975057,INFO,ML_ANOMALY,19316,firefox.exe,,Whitelisted,ML behavioral anomaly (z=3.74)
2025-12-17T14:26:10.780040,INFO,ML_ANOMALY,9988,powershell.exe,,Whitelisted,ML behavioral anomaly (z=5.17)
2025-12-17T14:26:12.685413,INFO,ML_ANOMALY,21464,SearchProtocolHost.exe,,Whitelisted,ML behavioral anomaly (z=3.53)
2025-12-17T14:26:14.776800,INFO,ML_ANOMALY,13736,comet.exe,,Whitelisted,ML behavioral anomaly (z=5.38)
2025-12-17T14:26:16.391313,INFO,ML_ANOMALY,1996,msedge.exe,,Whitelisted,ML behavioral anomaly (z=4.43)
2025-12-17T14:26:17.115831,WARNING,ML_ANOMALY,8928,ChatGPT.exe,,Score +10 (total 10),ML behavioral anomaly (z=5.39)
2025-12-17T14:26:19.193963,INFO,ML_ANOMALY,2412,Code.exe,,Whitelisted,ML behavioral anomaly (z=4.12)
2025-12-17T14:26:21.349416,INFO,ML_ANOMALY,2412,Code.exe,,Whitelisted,ML behavioral anomaly (z=4.61)
2025-12-17T14:26:21.964391,INFO,ML_ANOMALY,12020,svchost.exe,,Whitelisted,ML behavioral anomaly (z=4.98)
2025-12-17T14:26:23.328575,INFO,ML_ANOMALY,2328,firefox.exe,,Whitelisted,ML behavioral anomaly (z=3.65)
2025-12-17T14:26:23.328779,INFO,ML_ANOMALY,2360,firefox.exe,,Whitelisted,ML behavioral anomaly (z=5.39)
2025-12-17T14:26:24.225744,INFO,ML_ANOMALY,9848,firefox.exe,,Whitelisted,ML behavioral anomaly (z=5.39)
2025-12-17T14:26:24.460993,INFO,ML_ANOMALY,13728,firefox.exe,,Whitelisted,ML behavioral anomaly (z=5.39)
2025-12-17T14:26:24.497843,INFO,ML_ANOMALY,14244,firefox.exe,,Whitelisted,ML behavioral anomaly (z=5.39)
2025-12-17T14:26:24.509740,INFO,ML_ANOMALY,14900,firefox.exe,,Whitelisted,ML behavioral anomaly (z=5.39)
2025-12-17T14:26:24.611021,INFO,ML_ANOMALY,19316,firefox.exe,,Whitelisted,ML behavioral anomaly (z=3.63)
2025-12-17T14:26:25.949573,INFO,ML_ANOMALY,2360,firefox.exe,,Whitelisted,ML behavioral anomaly (z=4.27)
2025-12-17T14:26:26.768588,WARNING,ML_ANOMALY,6944,msedgewebview2.exe,,Score +10 (total 20),ML behavioral anomaly (z=3.63)
2025-12-17T14:26:26.903808,INFO,ML_ANOMALY,9988,powershell.exe,,Whitelisted,ML behavioral anomaly (z=3.95)
2025-12-17T14:26:26.964248,WARNING,ML_ANOMALY,11520,WhatsApp.Root.exe,,Score +10 (total 10),ML behavioral anomaly (z=5.39)
2025-12-17T14:26:30.793028,INFO,ML_ANOMALY,1824,comet.exe,,Whitelisted,ML behavioral anomaly (z=3.78)
2025-12-17T14:26:32.166351,INFO,ML_ANOMALY,7432,firefox.exe,,Whitelisted,ML behavioral anomaly (z=5.39)
2025-12-17T14:26:32.280409,INFO,ML_ANOMALY,8544,Code.exe,,Whitelisted,ML behavioral anomaly (z=3.80)
2025-12-17T14:26:32.333850,WARNING,ML_ANOMALY,9192,StartMenuExperienceHost.exe,,Score +10 (total 10),ML behavioral anomaly (z=5.39)
2025-12-17T14:26:32.457167,INFO,ML_ANOMALY,10192,comet.exe,,Whitelisted,ML behavioral anomaly (z=5.38)
2025-12-17T14:26:32.478030,INFO,ML_ANOMALY,10596,firefox.exe,,Whitelisted,ML behavioral anomaly (z=3.74)
2025-12-17T14:26:32.737029,INFO,ML_ANOMALY,14888,firefox.exe,,Whitelisted,ML behavioral anomaly (z=5.04)
2025-12-17T14:26:32.810182,INFO,ML_ANOMALY,19508,comet.exe,,Whitelisted,ML behavioral anomaly (z=5.36)
2025-12-17T14:26:34.722892,INFO,ML_ANOMALY,2328,firefox.exe,,Whitelisted,ML behavioral anomaly (z=4.84)
2025-12-17T14:26:34.979529,INFO,ML_ANOMALY,3044,firefox.exe,,Whitelisted,ML behavioral anomaly (z=5.23)
2025-12-17T14:26:35.057716,INFO,ML_ANOMALY,3504,Code.exe,,Whitelisted,ML behavioral anomaly (z=3.76)
2025-12-17T14:26:35.341984,INFO,ML_ANOMALY,5316,comet.exe,,Whitelisted,ML behavioral anomaly (z=5.38)
2025-12-17T14:26:35.399069,INFO,ML_ANOMALY,7432,firefox.exe,,Whitelisted,ML behavioral anomaly (z=5.02)
2025-12-17T14:26:35.399539,INFO,ML_ANOMALY,7656,comet.exe,,Whitelisted,ML behavioral anomaly (z=4.86)
2025-12-17T14:26:35.414379,INFO,ML_ANOMALY,8148,comet.exe,,Whitelisted,ML behavioral anomaly (z=5.28)
2025-12-17T14:26:35.429138,WARNING,ML_ANOMALY,9324,ctfmon.exe,,Score +10 (total 40),ML behavioral anomaly (z=3.87)
2025-12-17T14:26:35.429512,INFO,ML_ANOMALY,9388,msedge.exe,,Whitelisted,ML behavioral anomaly (z=3.72)
2025-12-17T14:26:35.481481,INFO,ML_ANOMALY,10992,msedge.exe,,Whitelisted,ML behavioral anomaly (z=3.72)
2025-12-17T14:26:35.488407,INFO,ML_ANOMALY,11276,comet.exe,,Whitelisted,ML behavioral anomaly (z=4.56)
2025-12-17T14:26:35.517597,INFO,ML_ANOMALY,12156,comet.exe,,Whitelisted,ML behavioral anomaly (z=5.26)
2025-12-17T14:26:35.532138,INFO,ML_ANOMALY,12736,comet.exe,,Whitelisted,ML behavioral anomaly (z=4.20)
2025-12-17T14:26:35.532743,INFO,ML_ANOMALY,13168,msedge.exe,,Whitelisted,ML behavioral anomaly (z=3.72)
2025-12-17T14:26:35.544888,INFO,ML_ANOMALY,13560,msedge.exe,,Whitelisted,ML behavioral anomaly (z=3.72)
2025-12-17T14:26:35.573859,INFO,ML_ANOMALY,14888,firefox.exe,,Whitelisted,ML behavioral anomaly (z=3.65)
2025-12-17T14:26:35.595534,INFO,ML_ANOMALY,16080,comet.exe,,Whitelisted,ML behavioral anomaly (z=5.33)
2025-12-17T14:26:35.625442,INFO,ML_ANOMALY,18284,comet.exe,,Whitelisted,ML behavioral anomaly (z=5.06)
2025-12-17T14:26:35.625740,INFO,ML_ANOMALY,18400,comet.exe,,Whitelisted,ML behavioral anomaly (z=5.27)
2025-12-17T14:26:35.626590,INFO,ML_ANOMALY,19508,comet.exe,,Whitelisted,ML behavioral anomaly (z=5.23)
2025-12-17T14:26:37.231785,INFO,ML_ANOMALY,2328,firefox.exe,,Whitelisted,ML behavioral anomaly (z=3.59)
2025-12-17T14:26:37.354814,INFO,ML_ANOMALY,2984,msedge.exe,,Whitelisted,ML behavioral anomaly (z=4.96)
2025-12-17T14:26:38.011257,INFO,ML_ANOMALY,5676,comet.exe,,Whitelisted,ML behavioral anomaly (z=4.57)
2025-12-17T14:26:38.109477,INFO,ML_ANOMALY,7212,firefox.exe,,Whitelisted,ML behavioral anomaly (z=5.38)
2025-12-17T14:26:38.330400,WARNING,ML_ANOMALY,10916,TextInputHost.exe,,Score +10 (total 10),ML behavioral anomaly (z=5.39)
2025-12-17T14:26:38.338965,INFO,ML_ANOMALY,11276,comet.exe,,Whitelisted,ML behavioral anomaly (z=5.06)
2025-12-17T14:26:38.381152,INFO,ML_ANOMALY,12736,comet.exe,,Whitelisted,ML behavioral anomaly (z=3.87)
2025-12-17T14:26:38.413905,INFO,ML_ANOMALY,14508,comet.exe,,Whitelisted,ML behavioral anomaly (z=3.50)
2025-12-17T14:26:38.475957,INFO,ML_ANOMALY,19508,comet.exe,,Whitelisted,ML behavioral anomaly (z=3.86)
2025-12-17T14:26:38.500748,INFO,ML_ANOMALY,21312,comet.exe,,Whitelisted,ML behavioral anomaly (z=5.38)
2025-12-17T14:26:39.786242,INFO,ML_ANOMALY,1824,comet.exe,,Whitelisted,ML behavioral anomaly (z=4.21)
2025-12-17T14:26:40.789662,INFO,ML_ANOMALY,12736,comet.exe,,Whitelisted,ML behavioral anomaly (z=3.76)
2025-12-17T14:26:40.981592,INFO,ML_ANOMALY,16080,comet.exe,,Whitelisted,ML behavioral anomaly (z=5.38)
2025-12-17T14:26:41.258123,INFO,ML_ANOMALY,18400,comet.exe,,Whitelisted,ML behavioral anomaly (z=3.82)
2025-12-17T14:26:41.286318,INFO,ML_ANOMALY,19508,comet.exe,,Whitelisted,ML behavioral anomaly (z=4.12)
2025-12-17T14:26:41.338768,INFO,ML_ANOMALY,21312,comet.exe,,Whitelisted,ML behavioral anomaly (z=4.52)
2025-12-17T14:26:42.577362,INFO,ML_ANOMALY,1824,comet.exe,,Whitelisted,ML behavioral anomaly (z=5.27)
2025-12-17T14:26:42.664047,INFO,ML_ANOMALY,2412,Code.exe,,Whitelisted,ML behavioral anomaly (z=4.28)
2025-12-17T14:26:43.264143,INFO,ML_ANOMALY,5056,comet.exe,,Whitelisted,ML behavioral anomaly (z=5.39)
2025-12-17T14:26:43.277491,INFO,ML_ANOMALY,5316,comet.exe,,Whitelisted,ML behavioral anomaly (z=5.39)
2025-12-17T14:26:44.161834,INFO,ML_ANOMALY,7656,comet.exe,,Whitelisted,ML behavioral anomaly (z=5.38)
2025-12-17T14:26:44.179673,INFO,ML_ANOMALY,8244,Code.exe,,Whitelisted,ML behavioral anomaly (z=5.28)
2025-12-17T14:26:44.219766,INFO,ML_ANOMALY,10192,comet.exe,,Whitelisted,ML behavioral anomaly (z=5.27)
2025-12-17T14:26:44.230509,INFO,ML_ANOMALY,11276,comet.exe,,Whitelisted,ML behavioral anomaly (z=4.17)
2025-12-17T14:26:44.259498,INFO,ML_ANOMALY,12156,comet.exe,,Whitelisted,ML behavioral anomaly (z=5.38)
2025-12-17T14:26:44.301350,INFO,ML_ANOMALY,14508,comet.exe,,Whitelisted,ML behavioral anomaly (z=4.07)
2025-12-17T14:26:44.324693,INFO,ML_ANOMALY,16080,comet.exe,,Whitelisted,ML behavioral anomaly (z=4.80)
2025-12-17T14:26:44.347228,INFO,ML_ANOMALY,18400,comet.exe,,Whitelisted,ML behavioral anomaly (z=5.37)
2025-12-17T14:26:44.348059,INFO,ML_ANOMALY,19508,comet.exe,,Whitelisted,ML behavioral anomaly (z=3.71)
2025-12-17T14:26:46.131932,INFO,ML_ANOMALY,1824,comet.exe,,Whitelisted,ML behavioral anomaly (z=4.34)
2025-12-17T14:26:46.867790,INFO,ML_ANOMALY,10192,comet.exe,,Whitelisted,ML behavioral anomaly (z=3.71)
2025-12-17T14:26:46.884557,INFO,ML_ANOMALY,11276,comet.exe,,Whitelisted,ML behavioral anomaly (z=4.57)
2025-12-17T14:26:46.913837,INFO,ML_ANOMALY,12156,comet.exe,,Whitelisted,ML behavioral anomaly (z=3.75)
2025-12-17T14:26:46.926962,INFO,ML_ANOMALY,12736,comet.exe,,Whitelisted,ML behavioral anomaly (z=3.97)
2025-12-17T14:26:46.964339,INFO,ML_ANOMALY,14508,comet.exe,,Whitelisted,ML behavioral anomaly (z=4.42)
2025-12-17T14:26:46.989096,INFO,ML_ANOMALY,16080,comet.exe,,Whitelisted,ML behavioral anomaly (z=5.35)
2025-12-17T14:26:47.015608,INFO,ML_ANOMALY,18400,comet.exe,,Whitelisted,ML behavioral anomaly (z=3.75)
2025-12-17T14:26:48.978383,INFO,ML_ANOMALY,8056,powershell.exe,,Whitelisted,ML behavioral anomaly (z=5.39)
2025-12-17T14:26:49.048643,WARNING,ML_ANOMALY,11520,WhatsApp.Root.exe,,Score +10 (total 20),ML behavioral anomaly (z=4.76)
2025-12-17T14:26:49.161815,INFO,ML_ANOMALY,18400,comet.exe,,Whitelisted,ML behavioral anomaly (z=4.41)
2025-12-17T14:26:51.384395,WARNING,ML_ANOMALY,17288,ChatGPT.exe,,Score +10 (total 10),ML behavioral anomaly (z=5.38)
2025-12-17T14:26:52.629459,WARNING,ML_ANOMALY,2376,RegSvcs.exe,,Score +10 (total 30),ML behavioral anomaly (z=3.91)
2025-12-17T14:26:53.997707,WARNING,ML_ANOMALY,16404,msedgewebview2.exe,,Score +10 (total 10),ML behavioral anomaly (z=5.39)
2025-12-17T14:26:55.412880,WARNING,ML_ANOMALY,2200,msedgewebview2.exe,,Score +10 (total 20),ML behavioral anomaly (z=3.72)
2025-12-17T14:26:56.025328,WARNING,ML_ANOMALY,4848,msedgewebview2.exe,,Score +10 (total 20),ML behavioral anomaly (z=3.72)
2025-12-17T14:26:57.880864,WARNING,ML_ANOMALY,1448,msedgewebview2.exe,,Score +10 (total 20),ML behavioral anomaly (z=3.72)
2025-12-17T14:26:58.621974,INFO,ML_ANOMALY,2744,svchost.exe,,Whitelisted,ML behavioral anomaly (z=3.66)
2025-12-17T14:26:58.653436,WARNING,ML_ANOMALY,2840,msedgewebview2.exe,,Score +10 (total 10),ML behavioral anomaly (z=5.39)
2025-12-17T14:26:58.718194,WARNING,ML_ANOMALY,2980,msedgewebview2.exe,,Score +10 (total 20),ML behavioral anomaly (z=3.72)
2025-12-17T14:26:59.032858,WARNING,ML_ANOMALY,3740,msedgewebview2.exe,,Score +10 (total 20),ML behavioral anomaly (z=3.72)
2025-12-17T14:26:59.378367,WARNING,ML_ANOMALY,4848,msedgewebview2.exe,,Score +10 (total 30),ML behavioral anomaly (z=5.39)
2025-12-17T14:26:59.458661,WARNING,ML_ANOMALY,6944,msedgewebview2.exe,,Score +10 (total 30),ML behavioral anomaly (z=5.39)
2025-12-17T14:26:59.492775,WARNING,ML_ANOMALY,8668,msedgewebview2.exe,,Score +10 (total 20),ML behavioral anomaly (z=5.11)
2025-12-17T14:26:59.566417,WARNING,ML_ANOMALY,12184,msedgewebview2.exe,,Score +10 (total 10),ML behavioral anomaly (z=5.39)
2025-12-17T14:26:59.580923,WARNING,ML_ANOMALY,13292,msedgewebview2.exe,,Score +10 (total 30),ML behavioral anomaly (z=5.39)
2025-12-17T14:26:59.632584,WARNING,ML_ANOMALY,16288,msedgewebview2.exe,,Score +10 (total 20),ML behavioral anomaly (z=3.87)
2025-12-17T14:27:00.990612,INFO,ML_ANOMALY,1132,svchost.exe,,Whitelisted,ML behavioral anomaly (z=4.16)
2025-12-17T14:27:01.259723,INFO,ML_ANOMALY,1860,svchost.exe,,Whitelisted,ML behavioral anomaly (z=5.37)
2025-12-17T14:27:01.549870,INFO,ML_ANOMALY,3336,svchost.exe,,Whitelisted,ML behavioral anomaly (z=5.39)
2025-12-17T14:27:01.852504,INFO,ML_ANOMALY,8544,Code.exe,,Whitelisted,ML behavioral anomaly (z=4.26)
2025-12-17T14:27:01.919767,WARNING,ML_ANOMALY,11860,M365Copilot.exe,,Score +10 (total 30),ML behavioral anomaly (z=5.21)
2025-12-17T14:27:01.939796,WARNING,ML_ANOMALY,12184,msedgewebview2.exe,,Score +10 (total 20),ML behavioral anomaly (z=4.99)
2025-12-17T14:27:01.959531,WARNING,ML_ANOMALY,13292,msedgewebview2.exe,,Score +10 (total 40),ML behavioral anomaly (z=5.30)
2025-12-17T14:27:02.031703,WARNING,ML_ANOMALY,16404,msedgewebview2.exe,,Score +10 (total 20),ML behavioral anomaly (z=5.36)
2025-12-17T14:27:03.380735,INFO,ML_ANOMALY,1860,svchost.exe,,Whitelisted,ML behavioral anomaly (z=4.99)
2025-12-17T14:27:04.034423,WARNING,ML_ANOMALY,13292,msedgewebview2.exe,,Score +10 (total 50),ML behavioral anomaly (z=4.18)
2025-12-17T14:27:04.198838,WARNING,ML_ANOMALY,16404,msedgewebview2.exe,,Score +10 (total 30),ML behavioral anomaly (z=3.99)
2025-12-17T14:27:06.364665,INFO,ML_ANOMALY,10680,Code.exe,,Whitelisted,ML behavioral anomaly (z=5.38)
2025-12-17T14:27:06.483809,WARNING,ML_ANOMALY,11520,WhatsApp.Root.exe,,Score +10 (total 30),ML behavioral anomaly (z=4.74)
2025-12-17T14:27:06.566282,WARNING,ML_ANOMALY,13292,msedgewebview2.exe,,Score +10 (total 60),ML behavioral anomaly (z=3.60)
2025-12-17T14:27:09.000944,WARNING,CPU_IO_SPIKE,6944,msedgewebview2.exe,,Score +15 (total 45),⚠️ CPU 87.6% + 53624679 bytes written
2025-12-17T14:27:09.033285,WARNING,ML_ANOMALY,6944,msedgewebview2.exe,,Score +10 (total 55),ML behavioral anomaly (z=4.72)
2025-12-17T14:27:09.191900,WARNING,ML_ANOMALY,11216,SMΔRTP.exe,,Score +10 (total 10),ML behavioral anomaly (z=5.06)
2025-12-17T14:27:09.226344,WARNING,ML_ANOMALY,11520,WhatsApp.Root.exe,,Score +10 (total 40),ML behavioral anomaly (z=5.25)
2025-12-17T14:27:09.398108,WARNING,ML_ANOMALY,15224,csrss.exe,,Score +10 (total 30),ML behavioral anomaly (z=4.38)
2025-12-17T14:27:11.886224,INFO,ML_ANOMALY,7656,comet.exe,,Whitelisted,ML behavioral anomaly (z=3.56)
2025-12-17T14:27:11.957088,WARNING,ML_ANOMALY,11520,WhatsApp.Root.exe,,Score +10 (total 50),ML behavioral anomaly (z=3.77)
2025-12-17T14:27:12.055674,INFO,ML_ANOMALY,16400,firefox.exe,,Whitelisted,ML behavioral anomaly (z=4.29)
2025-12-17T14:27:16.024329,INFO,ML_ANOMALY,3044,firefox.exe,,Whitelisted,ML behavioral anomaly (z=4.24)
2025-12-17T14:27:16.720531,WARNING,ML_ANOMALY,4848,msedgewebview2.exe,,Score +10 (total 40),ML behavioral anomaly (z=3.91)
2025-12-17T14:27:16.835029,INFO,ML_ANOMALY,5676,comet.exe,,Whitelisted,ML behavioral anomaly (z=4.63)
2025-12-17T14:27:19.425435,INFO,ML_ANOMALY,12744,firefox.exe,,Whitelisted,ML behavioral anomaly (z=4.93)
2025-12-17T14:27:19.521208,INFO,ML_ANOMALY,14272,svchost.exe,,Whitelisted,ML behavioral anomaly (z=5.39)
2025-12-17T14:27:19.541838,INFO,ML_ANOMALY,14900,firefox.exe,,Whitelisted,ML behavioral anomaly (z=5.39)
2025-12-17T14:27:21.331363,INFO,ML_ANOMALY,2160,svchost.exe,,Whitelisted,ML behavioral anomaly (z=5.39)
2025-12-17T14:27:21.358080,INFO,ML_ANOMALY,2328,firefox.exe,,Whitelisted,ML behavioral anomaly (z=5.23)
2025-12-17T14:27:22.198504,WARNING,ML_ANOMALY,6796,crashhelper.exe,,Score +10 (total 20),ML behavioral anomaly (z=5.39)
2025-12-17T14:27:22.796470,INFO,ML_ANOMALY,12744,firefox.exe,,Whitelisted,ML behavioral anomaly (z=4.90)
2025-12-17T14:27:22.829425,INFO,ML_ANOMALY,14900,firefox.exe,,Whitelisted,ML behavioral anomaly (z=4.77)
2025-12-17T14:27:22.856840,INFO,ML_ANOMALY,16692,firefox.exe,,Whitelisted,ML behavioral anomaly (z=3.59)
2025-12-17T14:27:22.867201,INFO,ML_ANOMALY,18724,firefox.exe,,Whitelisted,ML behavioral anomaly (z=5.39)
2025-12-17T14:27:22.870519,INFO,ML_ANOMALY,19316,firefox.exe,,Whitelisted,ML behavioral anomaly (z=5.20)
2025-12-17T14:27:22.887265,INFO,ML_ANOMALY,20664,firefox.exe,,Whitelisted,ML behavioral anomaly (z=5.16)
2025-12-17T14:27:24.849068,INFO,ML_ANOMALY,14900,firefox.exe,,Whitelisted,ML behavioral anomaly (z=3.70)
2025-12-17T14:27:24.891230,WARNING,ML_ANOMALY,17368,taskhostw.exe,,Score +10 (total 20),ML behavioral anomaly (z=3.64)
2025-12-17T14:27:24.895631,INFO,ML_ANOMALY,18724,firefox.exe,,Whitelisted,ML behavioral anomaly (z=3.65)
2025-12-17T14:27:26.626606,INFO,ML_ANOMALY,9848,firefox.exe,,Whitelisted,ML behavioral anomaly (z=4.21)
2025-12-17T14:27:26.662183,INFO,ML_ANOMALY,10724,firefox.exe,,Whitelisted,ML behavioral anomaly (z=3.90)
2025-12-17T14:27:26.727557,INFO,ML_ANOMALY,13728,firefox.exe,,Whitelisted,ML behavioral anomaly (z=3.90)
2025-12-17T14:27:26.737918,INFO,ML_ANOMALY,14244,firefox.exe,,Whitelisted,ML behavioral anomaly (z=3.90)
2025-12-17T14:27:28.163174,INFO,ML_ANOMALY,2888,svchost.exe,,Whitelisted,ML behavioral anomaly (z=5.06)
2025-12-17T14:27:28.473848,INFO,ML_ANOMALY,9848,firefox.exe,,Whitelisted,ML behavioral anomaly (z=3.87)
2025-12-17T14:27:28.522816,WARNING,ML_ANOMALY,11860,M365Copilot.exe,,Score +10 (total 40),ML behavioral anomaly (z=3.51)
2025-12-17T14:27:28.559821,WARNING,ML_ANOMALY,13256,ScreenSketch.exe,,Score +10 (total 10),ML behavioral anomaly (z=5.39)
2025-12-17T14:27:30.311013,INFO,ML_ANOMALY,8720,explorer.exe,,Whitelisted,ML behavioral anomaly (z=4.67)
2025-12-17T14:27:30.323911,WARNING,ML_ANOMALY,9764,ApplicationFrameHost.exe,,Score +10 (total 20),ML behavioral anomaly (z=5.39)
2025-12-17T14:27:30.432020,INFO,ML_ANOMALY,12744,firefox.exe,,Whitelisted,ML behavioral anomaly (z=5.17)
2025-12-17T14:27:30.541684,INFO,ML_ANOMALY,14880,svchost.exe,,Whitelisted,ML behavioral anomaly (z=5.20)
2025-12-17T14:27:34.884296,WARNING,ML_ANOMALY,4528,vmnat.exe,,Score +10 (total 50),ML behavioral anomaly (z=5.39)
2025-12-17T14:27:35.276324,INFO,ML_ANOMALY,10992,msedge.exe,,Whitelisted,ML behavioral anomaly (z=3.60)
2025-12-17T14:27:35.421089,INFO,ML_ANOMALY,13168,msedge.exe,,Whitelisted,ML behavioral anomaly (z=3.60)
2025-12-17T14:27:35.495556,INFO,ML_ANOMALY,13560,msedge.exe,,Whitelisted,ML behavioral anomaly (z=3.60)
2025-12-17T14:27:35.586222,INFO,ML_ANOMALY,14900,firefox.exe,,Whitelisted,ML behavioral anomaly (z=4.27)
2025-12-17T14:27:38.310854,INFO,ML_ANOMALY,7212,firefox.exe,,Whitelisted,ML behavioral anomaly (z=4.38)
2025-12-17T14:27:38.333119,INFO,ML_ANOMALY,9388,msedge.exe,,Whitelisted,ML behavioral anomaly (z=3.72)
2025-12-17T14:27:38.387101,INFO,ML_ANOMALY,11604,Code.exe,,Whitelisted,ML behavioral anomaly (z=5.39)
2025-12-17T14:27:40.628890,INFO,ML_ANOMALY,11604,Code.exe,,Whitelisted,ML behavioral anomaly (z=4.11)
2025-12-17T14:27:42.846994,INFO,ML_ANOMALY,10680,Code.exe,,Whitelisted,ML behavioral anomaly (z=3.59)
2025-12-17T14:27:42.885237,INFO,ML_ANOMALY,11604,Code.exe,,Whitelisted,ML behavioral anomaly (z=3.58)
2025-12-17T14:27:42.975751,WARNING,ML_ANOMALY,13788,audiodg.exe,,Score +10 (total 20),ML behavioral anomaly (z=5.39)
2025-12-17T14:27:45.358704,INFO,ML_ANOMALY,10680,Code.exe,,Whitelisted,ML behavioral anomaly (z=4.58)
2025-12-17T14:27:49.798513,INFO,ML_ANOMALY,2972,Code.exe,,Whitelisted,ML behavioral anomaly (z=5.32)
2025-12-17T14:27:54.058641,INFO,ML_ANOMALY,2384,svchost.exe,,Whitelisted,ML behavioral anomaly (z=5.39)
2025-12-17T14:27:54.472842,WARNING,ML_ANOMALY,4492,vmnetdhcp.exe,,Score +10 (total 50),ML behavioral anomaly (z=5.39)
2025-12-17T14:27:57.015876,WARNING,ML_ANOMALY,2200,msedgewebview2.exe,,Score +10 (total 30),ML behavioral anomaly (z=3.72)
2025-12-17T14:27:57.212284,WARNING,ML_ANOMALY,2980,msedgewebview2.exe,,Score +10 (total 30),ML behavioral anomaly (z=3.60)
2025-12-17T14:27:57.429126,WARNING,ML_ANOMALY,3740,msedgewebview2.exe,,Score +10 (total 30),ML behavioral anomaly (z=3.60)
2025-12-17T14:27:57.713575,WARNING,ML_ANOMALY,4492,vmnetdhcp.exe,,Score +10 (total 60),ML behavioral anomaly (z=5.22)
2025-12-17T14:27:58.111679,WARNING,ML_ANOMALY,16288,msedgewebview2.exe,,Score +10 (total 30),ML behavioral anomaly (z=3.60)
2025-12-17T14:27:59.429921,WARNING,ML_ANOMALY,1448,msedgewebview2.exe,,Score +10 (total 30),ML behavioral anomaly (z=3.72)
2025-12-17T14:28:00.145906,WARNING,ML_ANOMALY,4492,vmnetdhcp.exe,,Score +10 (total 70),ML behavioral anomaly (z=4.41)
2025-12-17T14:28:00.349951,INFO,ML_ANOMALY,10680,Code.exe,,Whitelisted,ML behavioral anomaly (z=5.38)
2025-12-17T14:28:00.388494,INFO,ML_ANOMALY,12020,svchost.exe,,Whitelisted,ML behavioral anomaly (z=5.39)
2025-12-17T14:28:00.397881,INFO,ML_ANOMALY,12720,Code.exe,,Whitelisted,ML behavioral anomaly (z=5.38)
2025-12-17T14:28:01.629217,WARNING,ML_ANOMALY,148,Registry,,Score +10 (total 20),ML behavioral anomaly (z=4.80)
2025-12-17T14:28:01.962456,WARNING,ML_ANOMALY,4492,vmnetdhcp.exe,,Score +10 (total 80),ML behavioral anomaly (z=3.94)
2025-12-17T14:28:03.873254,INFO,ML_ANOMALY,2360,firefox.exe,,Whitelisted,ML behavioral anomaly (z=3.70)
2025-12-17T14:28:04.429989,WARNING,ML_ANOMALY,4492,vmnetdhcp.exe,,Score +10 (total 90),ML behavioral anomaly (z=3.60)
2025-12-17T14:28:04.756957,INFO,ML_ANOMALY,8444,msedge.exe,,Whitelisted,ML behavioral anomaly (z=5.32)
2025-12-17T14:28:04.943291,INFO,ML_ANOMALY,13728,firefox.exe,,Whitelisted,ML behavioral anomaly (z=3.70)
2025-12-17T14:28:04.961021,INFO,ML_ANOMALY,14244,firefox.exe,,Whitelisted,ML behavioral anomaly (z=3.70)
2025-12-17T14:28:05.166564,INFO,ML_ANOMALY,18284,comet.exe,,Whitelisted,ML behavioral anomaly (z=5.38)
2025-12-17T14:28:07.459672,WARNING,ML_ANOMALY,4492,vmnetdhcp.exe,,Score +10 (total 100),ML behavioral anomaly (z=3.51)
2025-12-17T14:28:07.678472,WARNING,ML_ANOMALY,11860,M365Copilot.exe,,Score +10 (total 50),ML behavioral anomaly (z=4.37)
2025-12-17T14:28:07.772597,INFO,ML_ANOMALY,18284,comet.exe,,Whitelisted,ML behavioral anomaly (z=4.88)
2025-12-17T14:28:09.636184,INFO,ML_ANOMALY,18204,comet.exe,,Whitelisted,ML behavioral anomaly (z=5.38)
2025-12-17T14:28:12.726563,INFO,ML_ANOMALY,1132,svchost.exe,,Whitelisted,ML behavioral anomaly (z=3.74)
2025-12-17T14:28:15.212061,INFO,ML_ANOMALY,2412,Code.exe,,Whitelisted,ML behavioral anomaly (z=4.89)
2025-12-17T14:28:15.412491,INFO,ML_ANOMALY,3504,Code.exe,,Whitelisted,ML behavioral anomaly (z=3.74)
2025-12-17T14:28:16.628483,INFO,ML_ANOMALY,19504,comet.exe,,Whitelisted,ML behavioral anomaly (z=5.39)
2025-12-17T14:28:19.178383,WARNING,ML_ANOMALY,10916,TextInputHost.exe,,Score +10 (total 20),ML behavioral anomaly (z=5.39)
2025-12-17T14:28:19.236757,WARNING,ML_ANOMALY,13640,SystemSettingsBroker.exe,,Score +10 (total 10),ML behavioral anomaly (z=5.39)
2025-12-17T14:28:20.866360,INFO,ML_ANOMALY,4288,svchost.exe,,Whitelisted,ML behavioral anomaly (z=5.39)
2025-12-17T14:28:21.382298,WARNING,ML_ANOMALY,10260,RuntimeBroker.exe,,Score +10 (total 10),ML behavioral anomaly (z=5.39)
2025-12-17T14:28:24.126029,WARNING,ML_ANOMALY,10260,RuntimeBroker.exe,,Score +10 (total 20),ML behavioral anomaly (z=3.74)
2025-12-17T14:28:26.296705,WARNING,ML_ANOMALY,10332,ShellExperienceHost.exe,,Score +10 (total 30),ML behavioral anomaly (z=5.39)
2025-12-17T14:28:29.991036,INFO,ML_ANOMALY,8244,Code.exe,,Whitelisted,ML behavioral anomaly (z=4.03)
2025-12-17T14:28:30.630307,INFO,ML_ANOMALY,14900,firefox.exe,,Whitelisted,ML behavioral anomaly (z=3.74)
2025-12-17T14:28:36.421353,INFO,ML_ANOMALY,2984,msedge.exe,,Whitelisted,ML behavioral anomaly (z=3.72)
2025-12-17T14:28:36.709167,INFO,ML_ANOMALY,5676,comet.exe,,Whitelisted,ML behavioral anomaly (z=4.04)
2025-12-17T14:28:36.764278,INFO,ML_ANOMALY,9388,msedge.exe,,Whitelisted,ML behavioral anomaly (z=3.72)
2025-12-17T14:28:36.801445,INFO,ML_ANOMALY,10992,msedge.exe,,Whitelisted,ML behavioral anomaly (z=3.87)
2025-12-17T14:28:36.842572,INFO,ML_ANOMALY,13168,msedge.exe,,Whitelisted,ML behavioral anomaly (z=3.87)
2025-12-17T14:28:36.852475,INFO,ML_ANOMALY,13560,msedge.exe,,Whitelisted,ML behavioral anomaly (z=3.87)
2025-12-17T14:28:36.868169,INFO,ML_ANOMALY,14888,firefox.exe,,Whitelisted,ML behavioral anomaly (z=5.12)
2025-12-17T14:28:36.873560,WARNING,ML_ANOMALY,15224,csrss.exe,,Score +10 (total 40),ML behavioral anomaly (z=3.64)
2025-12-17T14:28:38.657915,INFO,ML_ANOMALY,13736,comet.exe,,Whitelisted,ML behavioral anomaly (z=5.38)
2025-12-17T14:28:41.550046,INFO,ML_ANOMALY,5676,comet.exe,,Whitelisted,ML behavioral anomaly (z=4.43)
2025-12-17T14:28:41.641435,INFO,ML_ANOMALY,10724,firefox.exe,,Whitelisted,ML behavioral anomaly (z=5.39)
2025-12-17T14:28:41.736841,INFO,ML_ANOMALY,18284,comet.exe,,Whitelisted,ML behavioral anomaly (z=4.42)
2025-12-17T14:28:43.036772,INFO,ML_ANOMALY,2152,svchost.exe,,Whitelisted,ML behavioral anomaly (z=5.39)
2025-12-17T14:28:43.150587,INFO,ML_ANOMALY,3608,svchost.exe,,Whitelisted,ML behavioral anomaly (z=5.01)
2025-12-17T14:28:44.886720,INFO,ML_ANOMALY,2384,svchost.exe,,Whitelisted,ML behavioral anomaly (z=4.74)
2025-12-17T14:28:44.985830,INFO,ML_ANOMALY,3608,svchost.exe,,Whitelisted,ML behavioral anomaly (z=3.60)
2025-12-17T14:28:45.545403,INFO,ML_ANOMALY,10596,firefox.exe,,Whitelisted,ML behavioral anomaly (z=5.35)
2025-12-17T14:28:45.800842,INFO,ML_ANOMALY,18112,comet.exe,,Whitelisted,ML behavioral anomaly (z=5.38)
2025-12-17T14:29:21.255166,INFO,APP_STARTUP,,,,,Ransomware Defense Kit started
2025-12-17T14:30:07.489255,INFO,ML_ANOMALY,1132,svchost.exe,,Whitelisted,ML behavioral anomaly (z=3.87)
2025-12-17T14:30:08.061515,WARNING,ML_ANOMALY,9324,ctfmon.exe,,Score +10 (total 10),ML behavioral anomaly (z=3.87)
2025-12-17T14:30:12.681950,INFO,ML_ANOMALY,21464,SearchProtocolHost.exe,,Whitelisted,ML behavioral anomaly (z=4.12)
2025-12-17T14:30:17.561802,INFO,ML_ANOMALY,21464,SearchProtocolHost.exe,,Whitelisted,ML behavioral anomaly (z=3.54)
2025-12-17T14:30:22.831700,WARNING,ML_ANOMALY,2376,RegSvcs.exe,,Score +10 (total 10),ML behavioral anomaly (z=4.68)
2025-12-17T14:30:24.558675,INFO,ML_ANOMALY,1132,svchost.exe,,Whitelisted,ML behavioral anomaly (z=4.50)
2025-12-17T14:30:27.135051,WARNING,ML_ANOMALY,2376,RegSvcs.exe,,Score +10 (total 20),ML behavioral anomaly (z=3.98)
2025-12-17T14:30:30.073590,WARNING,ML_ANOMALY,11216,SMΔRTP.exe,,Score +10 (total 10),ML behavioral anomaly (z=3.92)
2025-12-17T14:30:34.527297,WARNING,ML_ANOMALY,11860,M365Copilot.exe,,Score +10 (total 10),ML behavioral anomaly (z=4.61)
2025-12-17T14:30:34.629629,INFO,ML_ANOMALY,21464,SearchProtocolHost.exe,,Whitelisted,ML behavioral anomaly (z=4.28)
2025-12-17T14:30:37.130759,INFO,ML_ANOMALY,16080,comet.exe,,Whitelisted,ML behavioral anomaly (z=3.78)
2025-12-17T14:30:41.679350,INFO,ML_ANOMALY,8244,Code.exe,,Whitelisted,ML behavioral anomaly (z=5.21)
2025-12-17T14:30:43.166992,INFO,ML_ANOMALY,2384,svchost.exe,,Whitelisted,ML behavioral anomaly (z=3.72)
2025-12-17T14:30:43.702429,INFO,ML_ANOMALY,8544,Code.exe,,Whitelisted,ML behavioral anomaly (z=5.11)
2025-12-17T14:30:44.086476,INFO,ML_ANOMALY,18204,comet.exe,,Whitelisted,ML behavioral anomaly (z=4.90)
2025-12-17T14:30:46.194297,INFO,ML_ANOMALY,10596,firefox.exe,,Whitelisted,ML behavioral anomaly (z=5.36)
2025-12-17T14:30:46.200531,INFO,ML_ANOMALY,10724,firefox.exe,,Whitelisted,ML behavioral anomaly (z=3.59)
2025-12-17T14:30:46.211846,WARNING,ML_ANOMALY,11520,WhatsApp.Root.exe,,Score +10 (total 10),ML behavioral anomaly (z=4.86)
2025-12-17T14:30:47.390416,WARNING,ML_ANOMALY,0,System Idle Process,,Score +10 (total 10),ML behavioral anomaly (z=4.42)
2025-12-17T14:30:48.235860,INFO,ML_ANOMALY,2412,Code.exe,,Whitelisted,ML behavioral anomaly (z=5.38)
2025-12-17T14:30:49.076664,WARNING,ML_ANOMALY,2520,SearchIndexer.exe,,Score +10 (total 10),ML behavioral anomaly (z=4.35)
2025-12-17T14:30:49.887952,INFO,ML_ANOMALY,18900,Code.exe,,Whitelisted,ML behavioral anomaly (z=5.39)
2025-12-17T14:30:49.902224,INFO,ML_ANOMALY,21312,comet.exe,,Whitelisted,ML behavioral anomaly (z=4.23)
2025-12-17T14:30:52.534825,INFO,ML_ANOMALY,14244,firefox.exe,,Whitelisted,ML behavioral anomaly (z=5.39)
2025-12-17T14:30:52.626594,INFO,ML_ANOMALY,18900,Code.exe,,Whitelisted,ML behavioral anomaly (z=3.74)
2025-12-17T14:30:52.626840,INFO,ML_ANOMALY,19004,firefox.exe,,Whitelisted,ML behavioral anomaly (z=5.39)
2025-12-17T14:30:52.632029,INFO,ML_ANOMALY,19316,firefox.exe,,Whitelisted,ML behavioral anomaly (z=5.39)
2025-12-17T14:30:52.646859,INFO,ML_ANOMALY,20664,firefox.exe,,Whitelisted,ML behavioral anomaly (z=5.39)
2025-12-17T14:30:54.292756,WARNING,ML_ANOMALY,5236,ChatGPT.exe,,Score +10 (total 10),ML behavioral anomaly (z=5.34)
2025-12-17T14:30:55.754456,INFO,ML_ANOMALY,8544,Code.exe,,Whitelisted,ML behavioral anomaly (z=5.03)
2025-12-17T14:30:55.977508,WARNING,ML_ANOMALY,13292,msedgewebview2.exe,,Score +10 (total 10),ML behavioral anomaly (z=3.72)
2025-12-17T14:30:56.299742,INFO,ML_ANOMALY,19004,firefox.exe,,Whitelisted,ML behavioral anomaly (z=4.27)
2025-12-17T14:30:56.326806,INFO,ML_ANOMALY,20664,firefox.exe,,Whitelisted,ML behavioral anomaly (z=4.27)
2025-12-17T14:30:57.535927,WARNING,ML_ANOMALY,1020,services.exe,,Score +10 (total 10),ML behavioral anomaly (z=5.39)
2025-12-17T14:30:57.576008,WARNING,ML_ANOMALY,1448,msedgewebview2.exe,,Score +10 (total 10),ML behavioral anomaly (z=3.72)
2025-12-17T14:30:57.707984,INFO,ML_ANOMALY,2152,svchost.exe,,Whitelisted,ML behavioral anomaly (z=5.39)
2025-12-17T14:30:57.737080,WARNING,ML_ANOMALY,2200,msedgewebview2.exe,,Score +10 (total 10),ML behavioral anomaly (z=3.87)
2025-12-17T14:30:57.909481,INFO,ML_ANOMALY,2744,svchost.exe,,Whitelisted,ML behavioral anomaly (z=5.38)
2025-12-17T14:30:58.033485,WARNING,ML_ANOMALY,2980,msedgewebview2.exe,,Score +10 (total 10),ML behavioral anomaly (z=3.72)
2025-12-17T14:30:58.348897,WARNING,ML_ANOMALY,3740,msedgewebview2.exe,,Score +10 (total 10),ML behavioral anomaly (z=3.72)
2025-12-17T14:30:58.607409,INFO,ML_ANOMALY,4068,svchost.exe,,Whitelisted,ML behavioral anomaly (z=5.39)
2025-12-17T14:30:58.693127,WARNING,ML_ANOMALY,4492,vmnetdhcp.exe,,Score +10 (total 10),ML behavioral anomaly (z=4.57)
2025-12-17T14:30:58.706876,WARNING,ML_ANOMALY,4528,vmnat.exe,,Score +10 (total 10),ML behavioral anomaly (z=4.70)
2025-12-17T14:30:58.809730,WARNING,ML_ANOMALY,4848,msedgewebview2.exe,,Score +10 (total 10),ML behavioral anomaly (z=3.87)
2025-12-17T14:30:59.239010,WARNING,ML_ANOMALY,16288,msedgewebview2.exe,,Score +10 (total 10),ML behavioral anomaly (z=3.87)
2025-12-17T14:31:00.366659,INFO,ML_ANOMALY,1036,svchost.exe,,Whitelisted,ML behavioral anomaly (z=4.23)
2025-12-17T14:31:00.743742,WARNING,ML_ANOMALY,4528,vmnat.exe,,Score +10 (total 20),ML behavioral anomaly (z=3.61)
2025-12-17T14:31:00.835876,INFO,ML_ANOMALY,5056,comet.exe,,Whitelisted,ML behavioral anomaly (z=5.39)
2025-12-17T14:31:00.902623,WARNING,ML_ANOMALY,8668,msedgewebview2.exe,,Score +10 (total 10),ML behavioral anomaly (z=4.01)
2025-12-17T14:31:00.947986,INFO,ML_ANOMALY,10192,comet.exe,,Whitelisted,ML behavioral anomaly (z=3.91)
2025-12-17T14:31:01.010929,INFO,ML_ANOMALY,13736,comet.exe,,Whitelisted,ML behavioral anomaly (z=3.90)
2025-12-17T14:31:01.074200,INFO,ML_ANOMALY,18852,comet.exe,,Whitelisted,ML behavioral anomaly (z=5.39)
2025-12-17T14:31:01.093025,INFO,ML_ANOMALY,21312,comet.exe,,Whitelisted,ML behavioral anomaly (z=4.61)
2025-12-17T14:31:02.401782,INFO,ML_ANOMALY,1824,comet.exe,,Whitelisted,ML behavioral anomaly (z=5.22)
2025-12-17T14:31:05.033493,INFO,ML_ANOMALY,2152,svchost.exe,,Whitelisted,ML behavioral anomaly (z=5.39)
2025-12-17T14:31:09.187323,WARNING,ML_ANOMALY,0,System Idle Process,,Score +10 (total 20),ML behavioral anomaly (z=3.60)
2025-12-17T14:31:10.324546,WARNING,ML_ANOMALY,6764,WmiPrvSE.exe,,Score +10 (total 10),ML behavioral anomaly (z=5.39)
2025-12-17T14:31:10.528809,INFO,ML_ANOMALY,10680,Code.exe,,Whitelisted,ML behavioral anomaly (z=4.15)
2025-12-17T14:31:10.615820,INFO,ML_ANOMALY,10844,powershell.exe,,Whitelisted,ML behavioral anomaly (z=5.39)
2025-12-17T14:31:12.815563,WARNING,ML_ANOMALY,4784,MsMpEng.exe,,Score +10 (total 10),ML behavioral anomaly (z=4.71)
2025-12-17T14:31:16.814881,INFO,ML_ANOMALY,3484,comet.exe,,Whitelisted,ML behavioral anomaly (z=5.02)
2025-12-17T14:31:17.008692,INFO,ML_ANOMALY,5316,comet.exe,,Whitelisted,ML behavioral anomaly (z=5.02)
2025-12-17T14:31:17.054501,INFO,ML_ANOMALY,8244,Code.exe,,Whitelisted,ML behavioral anomaly (z=4.09)
2025-12-17T14:31:17.167523,INFO,ML_ANOMALY,14900,firefox.exe,,Whitelisted,ML behavioral anomaly (z=3.80)
2025-12-17T14:31:21.309728,WARNING,ML_ANOMALY,4784,MsMpEng.exe,,Score +10 (total 20),ML behavioral anomaly (z=4.31)
2025-12-17T14:31:25.088783,WARNING,ML_ANOMALY,544,lsass.exe,,Score +10 (total 10),ML behavioral anomaly (z=5.39)
2025-12-17T14:31:26.284955,WARNING,ML_ANOMALY,6944,msedgewebview2.exe,,Score +10 (total 10),ML behavioral anomaly (z=5.38)
2025-12-17T14:31:26.365602,INFO,ML_ANOMALY,10192,comet.exe,,Whitelisted,ML behavioral anomaly (z=4.02)
2025-12-17T14:31:28.092715,WARNING,ML_ANOMALY,6944,msedgewebview2.exe,,Score +10 (total 20),ML behavioral anomaly (z=3.75)
2025-12-17T14:31:29.793104,WARNING,ML_ANOMALY,2520,SearchIndexer.exe,,Score +10 (total 20),ML behavioral anomaly (z=4.90)
2025-12-17T14:31:30.853497,INFO,ML_ANOMALY,14888,firefox.exe,,Whitelisted,ML behavioral anomaly (z=5.23)
2025-12-17T14:31:32.478757,INFO,ML_ANOMALY,3044,firefox.exe,,Whitelisted,ML behavioral anomaly (z=3.94)
2025-12-17T14:31:35.298387,INFO,ML_ANOMALY,13168,msedge.exe,,Whitelisted,ML behavioral anomaly (z=3.60)
2025-12-17T14:31:35.315542,INFO,ML_ANOMALY,13560,msedge.exe,,Whitelisted,ML behavioral anomaly (z=3.60)
2025-12-17T14:31:35.316506,WARNING,ML_ANOMALY,13940,ChatGPT.exe,,Score +10 (total 10),ML behavioral anomaly (z=4.05)
2025-12-17T14:31:37.023096,INFO,ML_ANOMALY,2984,msedge.exe,,Whitelisted,ML behavioral anomaly (z=3.99)
2025-12-17T14:31:37.124008,INFO,ML_ANOMALY,3504,Code.exe,,Whitelisted,ML behavioral anomaly (z=3.58)
2025-12-17T14:31:37.701332,INFO,ML_ANOMALY,9388,msedge.exe,,Whitelisted,ML behavioral anomaly (z=3.72)
2025-12-17T14:31:37.834258,INFO,ML_ANOMALY,10844,powershell.exe,,Whitelisted,ML behavioral anomaly (z=5.38)
2025-12-17T14:31:37.851624,INFO,ML_ANOMALY,10992,msedge.exe,,Whitelisted,ML behavioral anomaly (z=3.72)
2025-12-17T14:31:40.490824,INFO,ML_ANOMALY,12156,comet.exe,,Whitelisted,ML behavioral anomaly (z=5.37)
2025-12-17T14:31:43.508237,INFO,ML_ANOMALY,8720,explorer.exe,,Whitelisted,ML behavioral anomaly (z=5.19)
2025-12-17T14:31:43.645496,WARNING,ML_ANOMALY,12184,msedgewebview2.exe,,Score +10 (total 10),ML behavioral anomaly (z=4.38)
2025-12-17T14:31:45.208442,INFO,ML_ANOMALY,2384,svchost.exe,,Whitelisted,ML behavioral anomaly (z=3.76)
2025-12-17T14:31:45.805503,INFO,ML_ANOMALY,8720,explorer.exe,,Whitelisted,ML behavioral anomaly (z=4.96)
2025-12-17T14:31:45.898074,WARNING,ML_ANOMALY,13940,ChatGPT.exe,,Score +10 (total 20),ML behavioral anomaly (z=5.33)
2025-12-17T14:31:47.162264,INFO,ML_ANOMALY,1132,svchost.exe,,Whitelisted,ML behavioral anomaly (z=5.39)
2025-12-17T14:31:48.606234,INFO,ML_ANOMALY,12328,Code.exe,,Whitelisted,ML behavioral anomaly (z=4.57)
2025-12-17T14:31:48.674912,WARNING,ML_ANOMALY,13788,audiodg.exe,,Score +10 (total 10),ML behavioral anomaly (z=4.43)
2025-12-17T14:31:48.916237,INFO,ML_ANOMALY,14880,svchost.exe,,Whitelisted,ML behavioral anomaly (z=5.39)
2025-12-17T14:31:49.089871,WARNING,ML_ANOMALY,17024,sihost.exe,,Score +10 (total 10),ML behavioral anomaly (z=5.39)
2025-12-17T14:31:50.310904,INFO,ML_ANOMALY,1288,svchost.exe,,Whitelisted,ML behavioral anomaly (z=5.39)
2025-12-17T14:31:50.667182,INFO,ML_ANOMALY,4600,svchost.exe,,Whitelisted,ML behavioral anomaly (z=5.39)
2025-12-17T14:31:50.904201,INFO,ML_ANOMALY,8444,msedge.exe,,Whitelisted,ML behavioral anomaly (z=4.89)
2025-12-17T14:31:53.089205,WARNING,ML_ANOMALY,2840,msedgewebview2.exe,,Score +10 (total 10),ML behavioral anomaly (z=5.39)
2025-12-17T14:31:53.643500,INFO,ML_ANOMALY,4600,svchost.exe,,Whitelisted,ML behavioral anomaly (z=3.74)
2025-12-17T14:31:53.732785,WARNING,ML_ANOMALY,4848,msedgewebview2.exe,,Score +10 (total 20),ML behavioral anomaly (z=4.22)
2025-12-17T14:31:53.884798,WARNING,ML_ANOMALY,12184,msedgewebview2.exe,,Score +10 (total 20),ML behavioral anomaly (z=5.27)
2025-12-17T14:31:53.894304,WARNING,ML_ANOMALY,13292,msedgewebview2.exe,,Score +10 (total 20),ML behavioral anomaly (z=5.38)
2025-12-17T14:31:53.940837,WARNING,ML_ANOMALY,16404,msedgewebview2.exe,,Score +10 (total 10),ML behavioral anomaly (z=5.28)
2025-12-17T14:31:53.950143,WARNING,ML_ANOMALY,17368,taskhostw.exe,,Score +10 (total 10),ML behavioral anomaly (z=5.39)
2025-12-17T14:32:07.672347,INFO,APP_STARTUP,,,,,Ransomware Defense Kit started
2025-12-17T14:36:13.074167,INFO,APP_STARTUP,,,,,Ransomware Defense Kit started
